# nm_vs_nx_ladders.csv -- per-run luminosity of the n_x x n_m study (WarpX, eps_y=20 nm, n_y=256, n_z=128, 3D solver, 3rd-order deposition, seed 1)
# L in 1e34 cm^-2 s^-1; source: new = run for this study, existing = seed-1 row of data/results.csv (solver '3d') reused from the tuning ladders; same-seed re-runs averaged
nx,nm,seed,L,source
64,40,1,0.944223,new
64,126,1,1.094338,new
64,396,1,1.25145,new
64,1253,1,1.266816,new
64,3960,1,1.257847,new
64,12521,1,1.280224,new
64,39594,1,1.289542,new
64,100000,1,1.28839,new
64,125205,1,1.28583,new
64,395932,1,1.29334,new
64,1252044,1,1.291987,new
64,3959311,1,1.292095,new
64,12520440,1,1.292501,new
128,26,1,0.44697,new
128,80,1,0.755379,new
128,251,1,1.007155,new
128,792,1,1.270236,new
128,2505,1,1.272113,new
128,7919,1,1.319259,new
128,25041,1,1.323882,new
128,79187,1,1.334336,new
128,100000,1,1.337488,new
128,250409,1,1.342906,new
128,791863,1,1.345831,new
128,2504088,1,1.342822,new
128,7918622,1,1.343553,new
128,25040880,1,1.343551,new
256,51,1,1.394009,new
256,159,1,1.075655,new
256,501,1,1.220639,new
256,1584,1,1.310699,new
256,5009,1,1.288324,new
256,15838,1,1.336176,new
256,50082,1,1.355261,new
256,100000,1,1.356476,new
256,158373,1,1.359416,new
256,500818,1,1.363643,new
256,1583725,1,1.362188,new
256,5008176,1,1.362918,new
256,15837243,1,1.363777,new
512,101,1,0.947833,new
512,317,1,1.202724,new
512,1000,1,1.203771,existing
512,3000,1,1.296162,existing
512,3168,1,1.342611,new
512,10000,1,1.315775,existing
512,30000,1,1.345441,existing
512,31675,1,1.345212,new
512,100000,1,1.363723,existing
512,316745,1,1.371604,new
512,1000000,1,1.370234,existing
512,3167449,1,1.371033,new
512,10000000,1,1.371423,existing
512,31674484,1,1.371042,new
512,100000000,1,1.370802,existing
1024,201,1,0.717966,new
1024,634,1,1.202724,new
1024,2004,1,1.363889,new
1024,6335,1,1.400435,new
1024,20033,1,1.400271,new
1024,63349,1,1.389211,new
1024,100000,1,1.375007,new
1024,200328,1,1.376376,new
1024,633490,1,1.377162,new
1024,2003271,1,1.372844,new
1024,6334897,1,1.373959,new
1024,20032703,1,1.374572,new
1024,63348968,1,1.374086,new
2048,401,1,1.413038,new
2048,1267,1,1.547941,new
2048,4007,1,1.587984,new
2048,12670,1,1.688792,new
2048,40066,1,1.582898,new
2048,100000,1,1.527177,new
2048,126698,1,1.466524,new
2048,400655,1,1.436489,new
2048,1266980,1,1.403826,new
2048,4006541,1,1.381286,new
2048,12669794,1,1.38304,new
2048,40065405,1,1.376743,new
2048,126697935,1,1.375781,new
4096,802,1,1.62349,new
4096,2534,1,1.73767,new
4096,8014,1,1.751178,new
4096,25340,1,1.778762,new
4096,80131,1,1.692796,new
4096,100000,1,1.664652,new
4096,253396,1,1.576019,new
4096,801309,1,1.530438,new
4096,2533959,1,1.494912,new
4096,8013081,1,1.423998,new
4096,25339587,1,1.393568,new
4096,80130810,1,1.384351,new
8192,1603,1,1.550261,new
8192,5068,1,1.659369,new
8192,16027,1,1.848437,new
8192,25000,1,1.877829,existing
8192,50000,1,1.835650,existing
8192,100000,1,1.766711,existing
8192,160262,1,1.70114,new
8192,250000,1,1.678846,existing
8192,506792,1,1.634453,new
8192,1000000,1,1.591802,existing
8192,1602617,1,1.572944,new
8192,5067918,1,1.506339,new
8192,10000000,1,1.487456,existing
8192,16026162,1,1.451726,new
8192,50679174,1,1.42382,new
8192,100000000,1,1.407833,existing
