e_y_nm,sigmay_nm,nx,ny,nz,nm,seed,L,solver,beamstrahlung
0.5,0.4953,512,512,128,4334528,1,11.730601,3d,off
0.5,0.4953,512,512,128,4334528,2,11.709092,3d,off
0.5,0.4953,512,512,128,4334528,3,11.722264,3d,off
0.5,0.4953,512,512,128,4334528,4,11.720641,3d,off
0.5,0.4953,512,512,128,4334528,5,11.716970,3d,off
1,0.7004,512,512,128,1391638,1,7.875215,3d,off
1,0.7004,512,512,128,1391638,2,7.836301,3d,off
1,0.7004,512,512,128,1391638,3,7.834243,3d,off
1,0.7004,512,512,128,1391638,4,7.838646,3d,off
1,0.7004,512,512,128,1391638,5,7.882297,3d,off
2,0.9905,512,256,128,446211,1,5.161874,3d,off
2,0.9905,512,256,128,446211,2,5.103581,3d,off
2,0.9905,512,256,128,446211,3,5.129197,3d,off
2,0.9905,512,256,128,446211,4,5.116915,3d,off
2,0.9905,512,256,128,446211,5,5.139920,3d,off
4,1.4008,512,256,128,142808,1,3.284756,3d,off
4,1.4008,512,256,128,142808,2,3.354735,3d,off
4,1.4008,512,256,128,142808,3,3.338165,3d,off
4,1.4008,512,256,128,142808,4,3.394395,3d,off
4,1.4008,512,256,128,142808,5,3.311408,3d,off
8,1.9810,512,256,128,45586,1,2.320204,3d,off
8,1.9810,512,256,128,45586,2,2.275641,3d,off
8,1.9810,512,256,128,45586,3,2.283728,3d,off
8,1.9810,512,256,128,45586,4,2.222718,3d,off
8,1.9810,512,256,128,45586,5,2.266340,3d,off
12,2.4263,512,256,128,23337,1,1.783917,3d,off
12,2.4263,512,256,128,23337,2,1.759686,3d,off
12,2.4263,512,256,128,23337,3,1.827110,3d,off
12,2.4263,512,256,128,23337,4,1.828109,3d,off
12,2.4263,512,256,128,23337,5,1.807473,3d,off
16,2.8016,512,256,128,14499,1,1.520731,3d,off
16,2.8016,512,256,128,14499,2,1.497360,3d,off
16,2.8016,512,256,128,14499,3,1.514348,3d,off
16,2.8016,512,256,128,14499,4,1.534641,3d,off
16,2.8016,512,256,128,14499,5,1.522017,3d,off
20,3.1323,512,256,128,10000,1,1.308437,3d,off
20,3.1323,512,256,128,10000,2,1.273145,3d,off
20,3.1323,512,256,128,10000,3,1.340682,3d,off
20,3.1323,512,256,128,10000,4,1.313102,3d,off
20,3.1323,512,256,128,10000,5,1.342846,3d,off
