e_y_nm,sigmay_nm,nx,ny,nz,nm,seed,L,solver
8,1.9810,8192,256,128,1000000,1,2.934843,3d
8,1.9810,8192,256,128,100000,1,3.172625,3d
8,1.9810,8192,256,128,100000,2,3.046794,3d
8,1.9810,8192,256,128,100000,3,3.202950,3d
8,1.9810,8192,256,128,100000,4,3.083335,3d
8,1.9810,8192,256,128,100000,5,3.148556,3d
8,1.9810,8192,256,128,250000,1,3.079356,3d
8,1.9810,8192,256,128,250000,2,3.096393,3d
8,1.9810,8192,256,128,250000,3,3.084564,3d
8,1.9810,8192,256,128,250000,4,3.130233,3d
8,1.9810,8192,256,128,250000,5,3.072286,3d
8,1.9810,8192,256,128,500000,1,3.014765,3d
8,1.9810,8192,256,128,500000,2,2.978613,3d
8,1.9810,8192,256,128,500000,3,3.049163,3d
8,1.9810,8192,256,128,500000,4,3.098818,3d
8,1.9810,8192,256,128,500000,5,2.984288,3d
4,1.4008,8192,256,128,2500000,1,4.559600,3d
12,2.4263,8192,256,128,1000000,1,2.245229,3d
4,1.4008,8192,256,128,250000,1,4.743960,3d
4,1.4008,8192,256,128,250000,2,4.732597,3d
4,1.4008,8192,256,128,250000,3,4.720484,3d
4,1.4008,8192,256,128,250000,4,4.801030,3d
4,1.4008,8192,256,128,250000,5,4.656904,3d
4,1.4008,8192,256,128,500000,1,4.657042,3d
4,1.4008,8192,256,128,500000,2,4.583519,3d
4,1.4008,8192,256,128,500000,3,4.705816,3d
4,1.4008,8192,256,128,500000,4,4.816139,3d
4,1.4008,8192,256,128,500000,5,4.607394,3d
4,1.4008,8192,256,128,1000000,1,4.569228,3d
4,1.4008,8192,256,128,1000000,2,4.627892,3d
4,1.4008,8192,256,128,1000000,3,4.652596,3d
4,1.4008,8192,256,128,1000000,4,4.670112,3d
4,1.4008,8192,256,128,1000000,5,4.564162,3d
12,2.4263,8192,256,128,50000,1,2.557788,3d
12,2.4263,8192,256,128,50000,2,2.563211,3d
12,2.4263,8192,256,128,50000,3,2.591980,3d
12,2.4263,8192,256,128,50000,4,2.426653,3d
12,2.4263,8192,256,128,50000,5,2.485241,3d
12,2.4263,8192,256,128,100000,1,2.460738,3d
12,2.4263,8192,256,128,100000,2,2.388672,3d
12,2.4263,8192,256,128,100000,3,2.492396,3d
12,2.4263,8192,256,128,100000,4,2.394568,3d
12,2.4263,8192,256,128,100000,5,2.456676,3d
12,2.4263,8192,256,128,250000,1,2.361276,3d
12,2.4263,8192,256,128,250000,2,2.379988,3d
12,2.4263,8192,256,128,250000,3,2.370136,3d
12,2.4263,8192,256,128,250000,4,2.409713,3d
12,2.4263,8192,256,128,250000,5,2.372549,3d
2,0.9905,8192,256,128,10000000,1,6.558521,3d
16,2.8016,8192,256,128,1000000,1,1.849782,3d
20,3.1323,8192,256,128,1000000,1,1.591802,3d
2,0.9905,8192,256,128,1000000,1,7.017131,3d
2,0.9905,8192,256,128,1000000,2,7.106732,3d
2,0.9905,8192,256,128,1000000,3,7.109127,3d
2,0.9905,8192,256,128,1000000,4,7.135248,3d
2,0.9905,8192,256,128,1000000,5,6.996891,3d
2,0.9905,8192,256,128,2500000,1,7.011431,3d
2,0.9905,8192,256,128,2500000,2,6.845299,3d
2,0.9905,8192,256,128,2500000,3,6.856096,3d
2,0.9905,8192,256,128,2500000,4,6.720290,3d
2,0.9905,8192,256,128,2500000,5,6.896216,3d
2,0.9905,8192,256,128,5000000,1,6.683875,3d
2,0.9905,8192,256,128,5000000,2,6.716897,3d
2,0.9905,8192,256,128,5000000,3,6.656845,3d
2,0.9905,8192,256,128,5000000,4,6.634906,3d
2,0.9905,8192,256,128,5000000,5,6.784985,3d
16,2.8016,8192,256,128,50000,1,2.126493,3d
16,2.8016,8192,256,128,50000,2,2.134406,3d
16,2.8016,8192,256,128,50000,3,2.163904,3d
16,2.8016,8192,256,128,50000,4,2.042918,3d
16,2.8016,8192,256,128,50000,5,2.080883,3d
16,2.8016,8192,256,128,100000,1,2.047854,3d
16,2.8016,8192,256,128,100000,2,1.990128,3d
16,2.8016,8192,256,128,100000,3,2.071839,3d
16,2.8016,8192,256,128,100000,4,1.993466,3d
16,2.8016,8192,256,128,100000,5,2.040531,3d
16,2.8016,8192,256,128,250000,1,1.950374,3d
16,2.8016,8192,256,128,250000,2,1.963592,3d
16,2.8016,8192,256,128,250000,3,1.960552,3d
16,2.8016,8192,256,128,250000,4,1.987729,3d
16,2.8016,8192,256,128,250000,5,1.964035,3d
20,3.1323,8192,256,128,25000,1,1.877829,3d
20,3.1323,8192,256,128,25000,2,1.765299,3d
20,3.1323,8192,256,128,25000,3,1.924580,3d
20,3.1323,8192,256,128,25000,4,1.900354,3d
20,3.1323,8192,256,128,25000,5,1.859822,3d
20,3.1323,8192,256,128,50000,1,1.835650,3d
20,3.1323,8192,256,128,50000,2,1.842789,3d
20,3.1323,8192,256,128,50000,3,1.879925,3d
20,3.1323,8192,256,128,50000,4,1.771008,3d
20,3.1323,8192,256,128,50000,5,1.806852,3d
20,3.1323,8192,256,128,100000,1,1.766711,3d
20,3.1323,8192,256,128,100000,2,1.721557,3d
20,3.1323,8192,256,128,100000,3,1.782173,3d
20,3.1323,8192,256,128,100000,4,1.721180,3d
20,3.1323,8192,256,128,100000,5,1.759946,3d
0.5,0.4953,8192,512,128,10000000,1,14.475125,3d
1,0.7004,8192,512,128,10000000,1,9.992022,3d
12,2.4263,8192,256,128,500000,1,2.312322,3d
16,2.8016,8192,256,128,500000,1,1.905127,3d
20,3.1323,8192,256,128,250000,1,1.678846,3d
4,1.4008,8192,256,128,10000000,1,4.242180,3d
8,1.9810,8192,256,128,10000000,1,2.714746,3d
12,2.4263,8192,256,128,10000000,1,2.081608,3d
16,2.8016,8192,256,128,10000000,1,1.722474,3d
20,3.1323,8192,256,128,10000000,1,1.487456,3d
4,1.4008,8192,256,128,100000000,1,3.888158,3d
8,1.9810,8192,256,128,100000000,1,2.508872,3d
8,1.9810,512,512,256,250000,1,2.324218,3d
8,1.9810,1024,512,256,500000,1,2.311115,3d
8,1.9810,2048,512,256,1000000,1,2.368927,3d
8,1.9810,4096,512,256,2000000,1,2.711163,3d
8,1.9810,8192,512,256,4000000,1,2.886341,3d
8,1.9810,512,128,256,62500,1,2.152916,3d
8,1.9810,512,256,256,125000,1,2.255987,3d
8,1.9810,512,1024,256,500000,1,2.336117,3d
8,1.9810,512,2048,256,1000000,1,2.354655,3d
8,1.9810,512,4096,256,2000000,1,2.361107,3d
8,1.9810,512,512,128,125000,1,2.329830,3d
8,1.9810,512,512,512,500000,1,2.310925,3d
8,1.9810,512,8192,256,4000000,1,2.386455,3d
8,1.9810,512,512,1024,1000000,1,2.325726,3d
8,1.9810,512,128,256,62500,2,2.185006,3d
8,1.9810,512,128,256,62500,3,2.179731,3d
8,1.9810,512,128,256,62500,4,2.147866,3d
8,1.9810,512,128,256,62500,5,2.224264,3d
8,1.9810,512,256,256,125000,2,2.219081,3d
8,1.9810,512,256,256,125000,3,2.258634,3d
8,1.9810,512,256,256,125000,4,2.244635,3d
8,1.9810,512,256,256,125000,5,2.187476,3d
12,2.4263,8192,256,128,100000000,1,1.940588,3d
16,2.8016,8192,256,128,100000000,1,1.618964,3d
20,3.1323,8192,256,128,100000000,1,1.407833,3d
2,0.9905,8192,256,128,100000000,1,5.989448,3d
1,0.7004,8192,512,128,100000000,1,9.186864,3d
0.5,0.4953,8192,512,128,100000000,1,13.553029,3d
8,1.9810,512,256,128,100000,1,2.302327,3d
8,1.9810,512,256,128,100000,2,2.290284,3d
8,1.9810,512,256,128,100000,3,2.307763,3d
8,1.9810,512,256,128,1000000,1,2.344272,3d
8,1.9810,512,256,128,1000000,2,2.340903,3d
8,1.9810,512,256,128,1000000,3,2.338567,3d
8,1.9810,512,256,128,10000000,1,2.349136,3d
8,1.9810,512,256,128,10000000,2,2.346822,3d
8,1.9810,512,256,128,10000000,3,2.347953,3d
8,1.9810,512,256,128,100000000,1,2.347994,3d
8,1.9810,1024,256,128,1000000,1,2.342114,3d
8,1.9810,1024,256,128,10000000,1,2.354866,3d
8,1.9810,1024,256,128,100000000,1,2.353940,3d
8,1.9810,2048,256,128,1000000,1,2.413805,3d
8,1.9810,2048,256,128,10000000,1,2.384756,3d
8,1.9810,2048,256,128,100000000,1,2.358843,3d
8,1.9810,4096,256,128,1000000,1,2.705623,3d
8,1.9810,4096,256,128,10000000,1,2.537947,3d
8,1.9810,4096,256,128,100000000,1,2.402692,3d
8,1.9810,64,256,128,100000,1,2.194585,3d
8,1.9810,64,256,128,1000000,1,2.212809,3d
8,1.9810,64,256,128,10000000,1,2.213313,3d
8,1.9810,64,256,128,100000000,1,2.211838,3d
8,1.9810,128,256,128,100000,1,2.269871,3d
8,1.9810,128,256,128,1000000,1,2.302209,3d
8,1.9810,128,256,128,10000000,1,2.301490,3d
8,1.9810,128,256,128,100000000,1,2.299800,3d
8,1.9810,256,256,128,100000,1,2.296272,3d
8,1.9810,256,256,128,1000000,1,2.336398,3d
8,1.9810,256,256,128,10000000,1,2.336005,3d
8,1.9810,256,256,128,100000000,1,2.334482,3d
8,1.9810,1024,256,128,100000,1,2.313720,3d
8,1.9810,2048,256,128,100000,1,2.647224,3d
12,2.4263,512,256,128,100000,1,1.827264,3d
12,2.4263,512,256,128,1000000,1,1.849900,3d
12,2.4263,512,256,128,10000000,1,1.852032,3d
12,2.4263,512,256,128,100000000,1,1.850945,3d
16,2.8016,512,256,128,100000,1,1.550174,3d
16,2.8016,512,256,128,1000000,1,1.562181,3d
16,2.8016,512,256,128,10000000,1,1.563770,3d
16,2.8016,512,256,128,100000000,1,1.562937,3d
20,3.1323,512,256,128,100000,1,1.363723,3d
20,3.1323,512,256,128,1000000,1,1.370234,3d
20,3.1323,512,256,128,10000000,1,1.371423,3d
20,3.1323,512,256,128,100000000,1,1.370802,3d
8,1.9810,512,256,128,1000,1,1.786760,3d
8,1.9810,512,256,128,10000,1,2.097159,3d
12,2.4263,512,256,128,1000,1,1.552501,3d
12,2.4263,512,256,128,10000,1,1.726928,3d
16,2.8016,512,256,128,1000,1,1.376936,3d
16,2.8016,512,256,128,10000,1,1.492712,3d
20,3.1323,512,256,128,1000,1,1.203771,3d
20,3.1323,512,256,128,10000,1,1.317247,3d
4,1.4008,512,256,128,10000,1,2.808140,3d
4,1.4008,512,256,128,100000,1,3.401108,3d
4,1.4008,512,256,128,1000000,1,3.494013,3d
4,1.4008,512,256,128,10000000,1,3.519801,3d
4,1.4008,512,256,128,100000000,1,3.520902,3d
2,0.9905,512,512,128,10000,1,3.638034,3d
2,0.9905,512,512,128,100000,1,5.090671,3d
2,0.9905,512,512,128,1000000,1,5.274000,3d
2,0.9905,512,512,128,10000000,1,5.322611,3d
2,0.9905,512,512,128,100000000,1,5.324744,3d
1,0.7004,512,512,128,100000,1,7.635147,3d
1,0.7004,512,512,128,1000000,1,7.895432,3d
1,0.7004,512,512,128,10000000,1,7.950636,3d
1,0.7004,512,512,128,100000000,1,7.947917,3d
0.5,0.4953,512,512,128,100000,1,11.469126,3d
0.5,0.4953,512,512,128,1000000,1,11.761226,3d
0.5,0.4953,512,512,128,10000000,1,11.782481,3d
0.5,0.4953,512,512,128,100000000,1,11.780423,3d
4,1.4008,512,256,128,30000,1,3.326475,3d
8,1.9810,512,256,128,30000,1,2.260773,3d
12,2.4263,512,256,128,30000,1,1.793137,3d
16,2.8016,512,256,128,30000,1,1.526210,3d
20,3.1323,512,256,128,30000,1,1.345441,3d
2,0.9905,512,512,128,30000,1,4.739392,3d
1,0.7004,512,512,128,30000,1,6.901178,3d
0.5,0.4953,512,512,128,52700,1,11.373393,3d
1,0.7004,512,512,128,52700,1,7.665936,3d
2,0.9905,512,512,128,52700,1,5.214591,3d
4,1.4008,512,256,128,52700,1,3.429789,3d
8,1.9810,512,256,128,17000,1,2.243714,3d
12,2.4263,512,256,128,17000,1,1.795094,3d
16,2.8016,512,256,128,3000,1,1.456360,3d
20,3.1323,512,256,128,3000,1,1.296162,3d
0.5,0.4953,512,512,128,30000,1,10.952951,3d
1,0.7004,512,512,128,39800,1,7.295641,3d
2,0.9905,512,512,128,39800,1,4.833496,3d
8,1.9810,512,256,128,13000,1,2.123159,3d
0.5,0.4953,512,512,128,30000,2,10.712151,3d
0.5,0.4953,512,512,128,30000,3,11.016565,3d
0.5,0.4953,512,512,128,30000,4,11.030732,3d
0.5,0.4953,512,512,128,30000,5,10.575207,3d
0.5,0.4953,512,512,128,52700,2,11.150116,3d
0.5,0.4953,512,512,128,52700,3,11.289233,3d
0.5,0.4953,512,512,128,52700,4,11.164549,3d
0.5,0.4953,512,512,128,52700,5,11.091030,3d
4,1.4008,512,256,128,30000,2,3.226511,3d
4,1.4008,512,256,128,30000,3,3.238006,3d
4,1.4008,512,256,128,30000,4,3.351209,3d
4,1.4008,512,256,128,30000,5,3.230965,3d
4,1.4008,512,256,128,52700,2,3.333349,3d
4,1.4008,512,256,128,52700,3,3.228054,3d
4,1.4008,512,256,128,52700,4,3.251811,3d
4,1.4008,512,256,128,52700,5,3.248688,3d
12,2.4263,512,256,128,10000,2,1.671880,3d
12,2.4263,512,256,128,10000,3,1.791914,3d
12,2.4263,512,256,128,10000,4,1.691915,3d
12,2.4263,512,256,128,10000,5,1.778948,3d
12,2.4263,512,256,128,17000,2,1.754256,3d
12,2.4263,512,256,128,17000,3,1.810389,3d
12,2.4263,512,256,128,17000,4,1.811209,3d
12,2.4263,512,256,128,17000,5,1.800034,3d
16,2.8016,512,256,128,3000,2,1.403961,3d
16,2.8016,512,256,128,3000,3,1.379338,3d
16,2.8016,512,256,128,3000,4,1.450655,3d
16,2.8016,512,256,128,3000,5,1.394652,3d
16,2.8016,512,256,128,10000,2,1.438283,3d
16,2.8016,512,256,128,10000,3,1.524115,3d
16,2.8016,512,256,128,10000,4,1.477551,3d
16,2.8016,512,256,128,10000,5,1.529507,3d
20,3.1323,512,256,128,3000,2,1.286762,3d
20,3.1323,512,256,128,3000,3,1.232644,3d
20,3.1323,512,256,128,3000,4,1.319932,3d
20,3.1323,512,256,128,3000,5,1.255204,3d
20,3.1323,512,256,128,10000,2,1.278705,3d
20,3.1323,512,256,128,10000,3,1.345964,3d
20,3.1323,512,256,128,10000,4,1.320015,3d
20,3.1323,512,256,128,10000,5,1.352502,3d
2,0.9905,512,256,128,30000,1,4.669654,3d
2,0.9905,512,256,128,100000,1,5.015321,3d
2,0.9905,512,256,128,10000000,1,5.267536,3d
8,1.9810,512,256,128,13000,2,2.190122,3d
8,1.9810,512,256,128,13000,3,2.202640,3d
8,1.9810,512,256,128,13000,4,2.218154,3d
8,1.9810,512,256,128,13000,5,2.181370,3d
8,1.9810,512,256,128,17000,2,2.188256,3d
8,1.9810,512,256,128,17000,3,2.232499,3d
8,1.9810,512,256,128,17000,4,2.258162,3d
8,1.9810,512,256,128,17000,5,2.236202,3d
2,0.9905,512,512,128,39800,2,4.936035,3d
2,0.9905,512,512,128,39800,3,4.614802,3d
2,0.9905,512,512,128,39800,4,4.712843,3d
2,0.9905,512,512,128,39800,5,4.391909,3d
2,0.9905,512,512,128,52700,2,4.951751,3d
2,0.9905,512,512,128,52700,3,4.691159,3d
2,0.9905,512,512,128,52700,4,4.882104,3d
2,0.9905,512,512,128,52700,5,4.589107,3d
1,0.7004,512,512,128,39800,2,7.121285,3d
1,0.7004,512,512,128,39800,3,7.001729,3d
1,0.7004,512,512,128,39800,4,6.878631,3d
1,0.7004,512,512,128,39800,5,6.583217,3d
1,0.7004,512,512,128,52700,2,7.367084,3d
1,0.7004,512,512,128,52700,3,7.139527,3d
1,0.7004,512,512,128,52700,4,7.492821,3d
1,0.7004,512,512,128,52700,5,6.963147,3d
2,0.9905,512,256,128,50000,1,5.113274,3d
2,0.9905,512,256,128,100000000,1,5.272243,3d
1,0.7004,512,256,128,30000,1,6.673415,3d
1,0.7004,512,256,128,50000,1,7.530843,3d
1,0.7004,512,256,128,100000,1,7.492059,3d
1,0.7004,512,256,128,10000000,1,7.870344,3d
1,0.7004,512,256,128,100000000,1,7.869754,3d
4,1.4008,512,256,128,100000,2,3.347104,3d
4,1.4008,512,256,128,100000,3,3.373066,3d
4,1.4008,512,256,128,100000,4,3.338750,3d
4,1.4008,512,256,128,100000,5,3.302012,3d
20,3.1323,512,128,128,10000,1,1.287697,3d
20,3.1323,512,256,128,10000,1,1.315446,3d
20,3.1323,512,512,128,10000,1,1.321731,3d
20,3.1323,512,1024,128,10000,1,1.337153,3d
16,2.8016,512,128,128,14000,1,1.498184,3d
16,2.8016,512,256,128,14000,1,1.532965,3d
16,2.8016,512,512,128,14000,1,1.536192,3d
16,2.8016,512,1024,128,14000,1,1.543307,3d
12,2.4263,512,128,128,22000,1,1.743848,3d
12,2.4263,512,256,128,22000,1,1.782959,3d
12,2.4263,512,512,128,22000,1,1.787185,3d
12,2.4263,512,1024,128,22000,1,1.793510,3d
8,1.9810,512,128,128,40000,1,2.257575,3d
8,1.9810,512,256,128,40000,1,2.315131,3d
8,1.9810,512,512,128,40000,1,2.330195,3d
8,1.9810,512,1024,128,40000,1,2.331411,3d
4,1.4008,512,128,128,110000,1,3.305378,3d
4,1.4008,512,256,128,110000,1,3.397291,3d
4,1.4008,512,512,128,110000,1,3.431749,3d
4,1.4008,512,1024,128,110000,1,3.441978,3d
2,0.9905,512,128,128,310000,1,4.886601,3d
2,0.9905,512,256,128,310000,1,5.080070,3d
2,0.9905,512,512,128,310000,1,5.149638,3d
2,0.9905,512,1024,128,310000,1,5.171915,3d
1,0.7004,512,128,128,880000,1,7.546230,3d
1,0.7004,512,256,128,880000,1,7.837056,3d
1,0.7004,512,512,128,880000,1,7.925408,3d
1,0.7004,512,1024,128,880000,1,7.950164,3d
0.5,0.4953,512,128,128,2500000,1,11.237129,3d
0.5,0.4953,512,256,128,2500000,1,11.641979,3d
0.5,0.4953,512,512,128,2500000,1,11.746982,3d
0.5,0.4953,512,1024,128,2500000,1,11.770035,3d
20,3.1323,512,256,128,10000000,2,1.369793,3d
20,3.1323,512,256,128,10000000,3,1.370966,3d
20,3.1323,512,256,128,100000000,2,1.370757,3d
20,3.1323,512,256,128,100000000,3,1.370911,3d
16,2.8016,512,256,128,10000000,2,1.561896,3d
16,2.8016,512,256,128,10000000,3,1.563134,3d
16,2.8016,512,256,128,100000000,2,1.562856,3d
16,2.8016,512,256,128,100000000,3,1.563066,3d
12,2.4263,512,256,128,10000000,2,1.849883,3d
12,2.4263,512,256,128,10000000,3,1.851270,3d
12,2.4263,512,256,128,100000000,2,1.850827,3d
12,2.4263,512,256,128,100000000,3,1.851102,3d
8,1.9810,512,256,128,100000000,2,2.347865,3d
8,1.9810,512,256,128,100000000,3,2.348173,3d
4,1.4008,512,256,128,10000000,2,3.519239,3d
4,1.4008,512,256,128,10000000,3,3.518979,3d
4,1.4008,512,256,128,100000000,2,3.521457,3d
4,1.4008,512,256,128,100000000,3,3.521305,3d
2,0.9905,512,256,128,10000000,2,5.267458,3d
2,0.9905,512,256,128,10000000,3,5.258878,3d
2,0.9905,512,256,128,100000000,2,5.272872,3d
2,0.9905,512,256,128,100000000,3,5.272322,3d
1,0.7004,512,256,128,10000000,2,7.864768,3d
1,0.7004,512,256,128,10000000,3,7.846020,3d
1,0.7004,512,256,128,100000000,2,7.867904,3d
1,0.7004,512,256,128,100000000,3,7.868658,3d
20,3.1323,512,32,128,10000,1,1.064730,3d
20,3.1323,512,64,128,10000,1,1.237531,3d
20,3.1323,512,2048,128,10000,1,1.340779,3d
20,3.1323,512,4096,128,10000,1,1.317670,3d
16,2.8016,512,32,128,14000,1,1.198300,3d
16,2.8016,512,64,128,14000,1,1.416659,3d
16,2.8016,512,2048,128,14000,1,1.547002,3d
16,2.8016,512,4096,128,14000,1,1.552903,3d
12,2.4263,512,32,128,22000,1,1.384507,3d
12,2.4263,512,64,128,22000,1,1.645094,3d
12,2.4263,512,2048,128,22000,1,1.786869,3d
12,2.4263,512,4096,128,22000,1,1.793085,3d
8,1.9810,512,32,128,40000,1,1.732163,3d
8,1.9810,512,64,128,40000,1,2.115441,3d
8,1.9810,512,2048,128,40000,1,2.341773,3d
8,1.9810,512,4096,128,40000,1,2.347535,3d
4,1.4008,512,32,128,110000,1,2.513421,3d
4,1.4008,512,64,128,110000,1,3.079218,3d
4,1.4008,512,2048,128,110000,1,3.445491,3d
4,1.4008,512,4096,128,110000,1,3.447178,3d
2,0.9905,512,32,128,310000,1,3.639748,3d
2,0.9905,512,64,128,310000,1,4.504641,3d
2,0.9905,512,2048,128,310000,1,5.177791,3d
2,0.9905,512,4096,128,310000,1,5.174860,3d
1,0.7004,512,32,128,880000,1,5.265547,3d
1,0.7004,512,64,128,880000,1,6.749608,3d
1,0.7004,512,2048,128,880000,1,7.955923,3d
1,0.7004,512,4096,128,880000,1,7.956468,3d
0.5,0.4953,512,32,128,2500000,1,7.579167,3d
0.5,0.4953,512,64,128,2500000,1,9.994226,3d
0.5,0.4953,512,2048,128,2500000,1,11.773721,3d
0.5,0.4953,512,4096,128,2500000,1,11.776787,3d
20,3.1323,512,4096,128,10000,2,1.278801,3d
20,3.1323,512,4096,128,10000,3,1.375297,3d
20,3.1323,512,2048,128,10000,2,1.277448,3d
20,3.1323,512,2048,128,10000,3,1.365241,3d
20,3.1323,512,64,128,10000,2,1.224003,3d
20,3.1323,512,64,128,10000,3,1.250339,3d
20,3.1323,512,64,128,10000,4,1.246356,3d
20,3.1323,512,64,128,10000,5,1.257328,3d
20,3.1323,512,128,128,10000,2,1.260872,3d
20,3.1323,512,128,128,10000,3,1.319640,3d
20,3.1323,512,128,128,10000,4,1.301396,3d
20,3.1323,512,128,128,10000,5,1.327744,3d
16,2.8016,512,4096,128,14000,2,1.505140,3d
16,2.8016,512,4096,128,14000,3,1.539997,3d
16,2.8016,512,2048,128,14000,2,1.516612,3d
16,2.8016,512,2048,128,14000,3,1.530180,3d
16,2.8016,512,64,128,14000,2,1.400269,3d
16,2.8016,512,64,128,14000,3,1.420916,3d
16,2.8016,512,64,128,14000,4,1.433656,3d
16,2.8016,512,64,128,14000,5,1.420431,3d
16,2.8016,512,128,128,14000,2,1.470135,3d
16,2.8016,512,128,128,14000,3,1.502459,3d
16,2.8016,512,128,128,14000,4,1.515213,3d
16,2.8016,512,128,128,14000,5,1.498694,3d
12,2.4263,512,4096,128,22000,2,1.754554,3d
12,2.4263,512,4096,128,22000,3,1.821660,3d
12,2.4263,512,2048,128,22000,2,1.757108,3d
12,2.4263,512,2048,128,22000,3,1.830016,3d
12,2.4263,512,64,128,22000,2,1.631375,3d
12,2.4263,512,64,128,22000,3,1.682578,3d
12,2.4263,512,64,128,22000,4,1.693167,3d
12,2.4263,512,64,128,22000,5,1.670334,3d
12,2.4263,512,128,128,22000,2,1.720901,3d
12,2.4263,512,128,128,22000,3,1.783062,3d
12,2.4263,512,128,128,22000,4,1.787532,3d
12,2.4263,512,128,128,22000,5,1.763960,3d
8,1.9810,512,4096,128,40000,2,2.289805,3d
8,1.9810,512,4096,128,40000,3,2.335018,3d
8,1.9810,512,2048,128,40000,2,2.282027,3d
8,1.9810,512,2048,128,40000,3,2.330222,3d
8,1.9810,512,64,128,40000,2,2.098633,3d
8,1.9810,512,64,128,40000,3,2.125472,3d
8,1.9810,512,64,128,40000,4,2.102754,3d
8,1.9810,512,64,128,40000,5,2.094823,3d
8,1.9810,512,128,128,40000,2,2.225086,3d
8,1.9810,512,128,128,40000,3,2.269780,3d
8,1.9810,512,128,128,40000,4,2.226836,3d
8,1.9810,512,128,128,40000,5,2.201994,3d
4,1.4008,512,4096,128,110000,2,3.436325,3d
4,1.4008,512,4096,128,110000,3,3.396558,3d
4,1.4008,512,2048,128,110000,2,3.434122,3d
4,1.4008,512,2048,128,110000,3,3.388541,3d
4,1.4008,512,64,128,110000,2,3.098951,3d
4,1.4008,512,64,128,110000,3,3.058045,3d
4,1.4008,512,64,128,110000,4,3.108053,3d
4,1.4008,512,64,128,110000,5,3.056074,3d
4,1.4008,512,128,128,110000,2,3.309408,3d
4,1.4008,512,128,128,110000,3,3.261659,3d
4,1.4008,512,128,128,110000,4,3.308983,3d
4,1.4008,512,128,128,110000,5,3.235086,3d
2,0.9905,512,4096,128,310000,2,5.159600,3d
2,0.9905,512,4096,128,310000,3,5.193083,3d
2,0.9905,512,2048,128,310000,2,5.158038,3d
2,0.9905,512,2048,128,310000,3,5.192186,3d
2,0.9905,512,128,128,310000,2,4.894772,3d
2,0.9905,512,128,128,310000,3,4.918101,3d
2,0.9905,512,128,128,310000,4,4.971490,3d
2,0.9905,512,128,128,310000,5,4.795330,3d
2,0.9905,512,256,128,310000,2,5.066115,3d
2,0.9905,512,256,128,310000,3,5.097307,3d
2,0.9905,512,256,128,310000,4,5.153262,3d
2,0.9905,512,256,128,310000,5,4.979862,3d
1,0.7004,512,4096,128,880000,2,7.919461,3d
1,0.7004,512,4096,128,880000,3,7.882661,3d
1,0.7004,512,2048,128,880000,2,7.918588,3d
1,0.7004,512,2048,128,880000,3,7.882047,3d
1,0.7004,512,128,128,880000,2,7.457681,3d
1,0.7004,512,128,128,880000,3,7.379356,3d
1,0.7004,512,128,128,880000,4,7.289117,3d
1,0.7004,512,128,128,880000,5,7.475136,3d
1,0.7004,512,256,128,880000,2,7.789970,3d
1,0.7004,512,256,128,880000,3,7.739931,3d
1,0.7004,512,256,128,880000,4,7.666611,3d
1,0.7004,512,256,128,880000,5,7.787624,3d
0.5,0.4953,512,4096,128,2500000,2,11.790472,3d
0.5,0.4953,512,4096,128,2500000,3,11.777103,3d
0.5,0.4953,512,2048,128,2500000,2,11.790701,3d
0.5,0.4953,512,2048,128,2500000,3,11.775141,3d
0.5,0.4953,512,64,128,2500000,2,9.926883,3d
0.5,0.4953,512,64,128,2500000,3,9.906702,3d
0.5,0.4953,512,64,128,2500000,4,9.994446,3d
0.5,0.4953,512,64,128,2500000,5,9.943546,3d
0.5,0.4953,512,128,128,2500000,2,11.234425,3d
0.5,0.4953,512,128,128,2500000,3,11.198203,3d
0.5,0.4953,512,128,128,2500000,4,11.227711,3d
0.5,0.4953,512,128,128,2500000,5,11.185466,3d
1,0.7004,512,256,128,30000,2,6.796350,3d
1,0.7004,512,256,128,30000,3,7.288185,3d
1,0.7004,512,256,128,30000,4,6.978938,3d
1,0.7004,512,256,128,30000,5,6.644534,3d
1,0.7004,512,256,128,50000,2,6.901053,3d
1,0.7004,512,256,128,50000,3,6.986838,3d
1,0.7004,512,256,128,50000,4,7.347223,3d
1,0.7004,512,256,128,50000,5,6.603594,3d
2,0.9905,512,256,128,30000,2,4.721764,3d
2,0.9905,512,256,128,30000,3,4.772647,3d
2,0.9905,512,256,128,30000,4,4.839051,3d
2,0.9905,512,256,128,30000,5,4.537343,3d
2,0.9905,512,256,128,50000,2,4.705860,3d
2,0.9905,512,256,128,50000,3,4.638261,3d
2,0.9905,512,256,128,50000,4,4.870184,3d
2,0.9905,512,256,128,50000,5,4.438698,3d
20,3.1323,512,512,256,100000,1,1.365736,3d
20,3.1323,512,512,256,100000,2,1.374373,3d
20,3.1323,512,512,256,100000,3,1.373386,3d
20,3.1323,512,256,128,10000,1,1.318117,3d
20,3.1323,512,256,128,10000,2,1.278729,3d
20,3.1323,512,256,128,10000,3,1.349420,3d
16,2.8016,512,512,256,100000,1,1.544674,3d
16,2.8016,512,512,256,100000,2,1.558724,3d
16,2.8016,512,512,256,100000,3,1.559940,3d
16,2.8016,512,256,128,14000,1,1.537674,3d
16,2.8016,512,256,128,14000,2,1.504154,3d
16,2.8016,512,256,128,14000,3,1.533096,3d
12,2.4263,512,512,256,100000,1,1.806691,3d
12,2.4263,512,512,256,100000,2,1.822045,3d
12,2.4263,512,512,256,100000,3,1.830422,3d
12,2.4263,512,256,128,22000,1,1.780477,3d
12,2.4263,512,256,128,22000,2,1.752691,3d
12,2.4263,512,256,128,22000,3,1.817576,3d
8,1.9810,512,512,256,100000,1,2.245207,3d
8,1.9810,512,512,256,100000,2,2.230347,3d
8,1.9810,512,512,256,100000,3,2.263080,3d
8,1.9810,512,256,128,40000,1,2.315168,3d
8,1.9810,512,256,128,40000,2,2.261939,3d
8,1.9810,512,256,128,40000,3,2.311760,3d
4,1.4008,512,512,256,100000,1,3.163588,3d
4,1.4008,512,512,256,100000,2,3.012710,3d
4,1.4008,512,512,256,100000,3,3.062297,3d
4,1.4008,512,256,128,110000,1,3.396677,3d
4,1.4008,512,256,128,110000,2,3.394617,3d
4,1.4008,512,256,128,110000,3,3.348474,3d
2,0.9905,512,512,256,100000,1,4.129010,3d
2,0.9905,512,512,256,100000,2,3.931620,3d
2,0.9905,512,512,256,100000,3,3.781584,3d
2,0.9905,512,256,128,310000,1,5.080955,3d
2,0.9905,512,256,128,310000,2,5.066848,3d
2,0.9905,512,256,128,310000,3,5.095475,3d
1,0.7004,512,512,256,100000,1,4.798192,3d
1,0.7004,512,512,256,100000,2,5.081193,3d
1,0.7004,512,512,256,100000,3,4.470400,3d
1,0.7004,512,512,128,880000,1,7.925156,3d
1,0.7004,512,512,128,880000,2,7.887310,3d
1,0.7004,512,512,128,880000,3,7.846795,3d
0.5,0.4953,512,512,256,100000,1,5.259026,3d
0.5,0.4953,512,512,256,100000,2,6.167567,3d
0.5,0.4953,512,512,256,100000,3,5.137838,3d
0.5,0.4953,512,512,128,2500000,1,11.746886,3d
0.5,0.4953,512,512,128,2500000,2,11.762631,3d
0.5,0.4953,512,512,128,2500000,3,11.745643,3d
20,3.1323,512,512,256,100000,4,1.367810,3d
20,3.1323,512,512,256,100000,5,1.371959,3d
20,3.1323,512,512,256,100000,6,1.371245,3d
20,3.1323,512,512,256,100000,7,1.369516,3d
20,3.1323,512,512,256,100000,8,1.384468,3d
20,3.1323,512,512,256,100000,9,1.360439,3d
20,3.1323,512,512,256,100000,10,1.345523,3d
20,3.1323,512,512,256,100000,11,1.375577,3d
20,3.1323,512,512,256,100000,12,1.369765,3d
20,3.1323,512,512,256,100000,13,1.382218,3d
20,3.1323,512,512,256,100000,14,1.371870,3d
20,3.1323,512,512,256,100000,15,1.388464,3d
20,3.1323,512,256,128,10000,6,1.360334,3d
20,3.1323,512,256,128,10000,7,1.338640,3d
20,3.1323,512,256,128,10000,8,1.311724,3d
20,3.1323,512,256,128,10000,9,1.354364,3d
20,3.1323,512,256,128,10000,10,1.338990,3d
20,3.1323,512,256,128,10000,11,1.325635,3d
20,3.1323,512,256,128,10000,12,1.338059,3d
20,3.1323,512,256,128,10000,13,1.331134,3d
20,3.1323,512,256,128,10000,14,1.381243,3d
20,3.1323,512,256,128,10000,15,1.341770,3d
16,2.8016,512,512,256,100000,4,1.548101,3d
16,2.8016,512,512,256,100000,5,1.552385,3d
16,2.8016,512,512,256,100000,6,1.548431,3d
16,2.8016,512,512,256,100000,7,1.553160,3d
16,2.8016,512,512,256,100000,8,1.575047,3d
16,2.8016,512,512,256,100000,9,1.534783,3d
16,2.8016,512,512,256,100000,10,1.509790,3d
16,2.8016,512,512,256,100000,11,1.565366,3d
16,2.8016,512,512,256,100000,12,1.556416,3d
16,2.8016,512,512,256,100000,13,1.565849,3d
16,2.8016,512,512,256,100000,14,1.555293,3d
16,2.8016,512,512,256,100000,15,1.578328,3d
16,2.8016,512,256,128,14000,4,1.541638,3d
16,2.8016,512,256,128,14000,5,1.521983,3d
16,2.8016,512,256,128,14000,6,1.527953,3d
16,2.8016,512,256,128,14000,7,1.527795,3d
16,2.8016,512,256,128,14000,8,1.520073,3d
16,2.8016,512,256,128,14000,9,1.519280,3d
16,2.8016,512,256,128,14000,10,1.482962,3d
16,2.8016,512,256,128,14000,11,1.489842,3d
16,2.8016,512,256,128,14000,12,1.534496,3d
16,2.8016,512,256,128,14000,13,1.533820,3d
16,2.8016,512,256,128,14000,14,1.532952,3d
16,2.8016,512,256,128,14000,15,1.556826,3d
12,2.4263,512,512,256,100000,4,1.806644,3d
12,2.4263,512,512,256,100000,5,1.816006,3d
12,2.4263,512,512,256,100000,6,1.795605,3d
12,2.4263,512,512,256,100000,7,1.821417,3d
12,2.4263,512,512,256,100000,8,1.851012,3d
12,2.4263,512,512,256,100000,9,1.780434,3d
12,2.4263,512,512,256,100000,10,1.739955,3d
12,2.4263,512,512,256,100000,11,1.839700,3d
12,2.4263,512,512,256,100000,12,1.830352,3d
12,2.4263,512,512,256,100000,13,1.824574,3d
12,2.4263,512,512,256,100000,14,1.818235,3d
12,2.4263,512,512,256,100000,15,1.860797,3d
12,2.4263,512,256,128,22000,4,1.825654,3d
12,2.4263,512,256,128,22000,5,1.796982,3d
12,2.4263,512,256,128,22000,6,1.782785,3d
12,2.4263,512,256,128,22000,7,1.802263,3d
12,2.4263,512,256,128,22000,8,1.836383,3d
12,2.4263,512,256,128,22000,9,1.790486,3d
12,2.4263,512,256,128,22000,10,1.732639,3d
12,2.4263,512,256,128,22000,11,1.804797,3d
12,2.4263,512,256,128,22000,12,1.776228,3d
12,2.4263,512,256,128,22000,13,1.780180,3d
12,2.4263,512,256,128,22000,14,1.789103,3d
12,2.4263,512,256,128,22000,15,1.791254,3d
8,1.9810,512,512,256,100000,4,2.217493,3d
8,1.9810,512,512,256,100000,5,2.224318,3d
8,1.9810,512,512,256,100000,6,2.184669,3d
8,1.9810,512,512,256,100000,7,2.254294,3d
8,1.9810,512,512,256,100000,8,2.285240,3d
8,1.9810,512,512,256,100000,9,2.151642,3d
8,1.9810,512,512,256,100000,10,2.092743,3d
8,1.9810,512,512,256,100000,11,2.279944,3d
8,1.9810,512,512,256,100000,12,2.266369,3d
8,1.9810,512,512,256,100000,13,2.226222,3d
8,1.9810,512,512,256,100000,14,2.218804,3d
8,1.9810,512,512,256,100000,15,2.317074,3d
8,1.9810,512,256,128,40000,4,2.273638,3d
8,1.9810,512,256,128,40000,5,2.241506,3d
8,1.9810,512,256,128,40000,6,2.233227,3d
8,1.9810,512,256,128,40000,7,2.247204,3d
8,1.9810,512,256,128,40000,8,2.306238,3d
8,1.9810,512,256,128,40000,9,2.203243,3d
8,1.9810,512,256,128,40000,10,2.100997,3d
8,1.9810,512,256,128,40000,11,2.250812,3d
8,1.9810,512,256,128,40000,12,2.152155,3d
8,1.9810,512,256,128,40000,13,2.326985,3d
8,1.9810,512,256,128,40000,14,2.276326,3d
8,1.9810,512,256,128,40000,15,2.304887,3d
4,1.4008,512,512,256,100000,4,3.006344,3d
4,1.4008,512,512,256,100000,5,2.954243,3d
4,1.4008,512,512,256,100000,6,2.892435,3d
4,1.4008,512,512,256,100000,7,3.079420,3d
4,1.4008,512,512,256,100000,8,3.083112,3d
4,1.4008,512,512,256,100000,9,2.825864,3d
4,1.4008,512,512,256,100000,10,2.736281,3d
4,1.4008,512,512,256,100000,11,3.114152,3d
4,1.4008,512,512,256,100000,12,3.074322,3d
4,1.4008,512,512,256,100000,13,2.990542,3d
4,1.4008,512,512,256,100000,14,3.002105,3d
4,1.4008,512,512,256,100000,15,3.161365,3d
4,1.4008,512,256,128,110000,4,3.395440,3d
4,1.4008,512,256,128,110000,5,3.304342,3d
4,1.4008,512,256,128,110000,6,3.313611,3d
4,1.4008,512,256,128,110000,7,3.409853,3d
4,1.4008,512,256,128,110000,8,3.384986,3d
4,1.4008,512,256,128,110000,9,3.265989,3d
4,1.4008,512,256,128,110000,10,3.215981,3d
4,1.4008,512,256,128,110000,11,3.392514,3d
4,1.4008,512,256,128,110000,12,3.382120,3d
4,1.4008,512,256,128,110000,13,3.350478,3d
4,1.4008,512,256,128,110000,14,3.351765,3d
4,1.4008,512,256,128,110000,15,3.461885,3d
2,0.9905,512,512,256,100000,4,3.845142,3d
2,0.9905,512,512,256,100000,5,3.689092,3d
2,0.9905,512,512,256,100000,6,3.718269,3d
2,0.9905,512,512,256,100000,7,3.955178,3d
2,0.9905,512,512,256,100000,8,3.873878,3d
2,0.9905,512,512,256,100000,9,3.539707,3d
2,0.9905,512,512,256,100000,10,3.480247,3d
2,0.9905,512,512,256,100000,11,3.972814,3d
2,0.9905,512,512,256,100000,12,3.778282,3d
2,0.9905,512,512,256,100000,13,3.805450,3d
2,0.9905,512,512,256,100000,14,3.981857,3d
2,0.9905,512,512,256,100000,15,4.088617,3d
2,0.9905,512,256,128,310000,6,4.957500,3d
2,0.9905,512,256,128,310000,7,5.189554,3d
2,0.9905,512,256,128,310000,8,5.179838,3d
2,0.9905,512,256,128,310000,9,4.926446,3d
2,0.9905,512,256,128,310000,10,4.990343,3d
2,0.9905,512,256,128,310000,11,5.157740,3d
2,0.9905,512,256,128,310000,12,5.109325,3d
2,0.9905,512,256,128,310000,13,5.037114,3d
2,0.9905,512,256,128,310000,14,5.144681,3d
2,0.9905,512,256,128,310000,15,5.024604,3d
1,0.7004,512,512,256,100000,4,4.626983,3d
1,0.7004,512,512,256,100000,5,4.581706,3d
1,0.7004,512,512,256,100000,6,4.633364,3d
1,0.7004,512,512,256,100000,7,4.795453,3d
1,0.7004,512,512,256,100000,8,4.633766,3d
1,0.7004,512,512,256,100000,9,4.236647,3d
1,0.7004,512,512,256,100000,10,4.411620,3d
1,0.7004,512,512,256,100000,11,4.867963,3d
1,0.7004,512,512,256,100000,12,4.369949,3d
1,0.7004,512,512,256,100000,13,4.644460,3d
1,0.7004,512,512,256,100000,14,5.013598,3d
1,0.7004,512,512,256,100000,15,4.970042,3d
1,0.7004,512,512,128,880000,4,7.784149,3d
1,0.7004,512,512,128,880000,5,7.883391,3d
1,0.7004,512,512,128,880000,6,7.884546,3d
1,0.7004,512,512,128,880000,7,7.893788,3d
1,0.7004,512,512,128,880000,8,7.853950,3d
1,0.7004,512,512,128,880000,9,7.845473,3d
1,0.7004,512,512,128,880000,10,7.868384,3d
1,0.7004,512,512,128,880000,11,7.849556,3d
1,0.7004,512,512,128,880000,12,7.899530,3d
1,0.7004,512,512,128,880000,13,7.859605,3d
1,0.7004,512,512,128,880000,14,7.806015,3d
1,0.7004,512,512,128,880000,15,7.804343,3d
0.5,0.4953,512,512,256,100000,4,5.555097,3d
0.5,0.4953,512,512,256,100000,5,5.729339,3d
0.5,0.4953,512,512,256,100000,6,5.507066,3d
0.5,0.4953,512,512,256,100000,7,5.634329,3d
0.5,0.4953,512,512,256,100000,8,5.454430,3d
0.5,0.4953,512,512,256,100000,9,5.011949,3d
0.5,0.4953,512,512,256,100000,10,5.637425,3d
0.5,0.4953,512,512,256,100000,11,5.856447,3d
0.5,0.4953,512,512,256,100000,12,4.933254,3d
0.5,0.4953,512,512,256,100000,13,5.323335,3d
0.5,0.4953,512,512,256,100000,14,5.517214,3d
0.5,0.4953,512,512,256,100000,15,5.753642,3d
0.5,0.4953,512,512,128,2500000,4,11.743903,3d
0.5,0.4953,512,512,128,2500000,5,11.722713,3d
0.5,0.4953,512,512,128,2500000,6,11.752472,3d
0.5,0.4953,512,512,128,2500000,7,11.755507,3d
0.5,0.4953,512,512,128,2500000,8,11.737458,3d
0.5,0.4953,512,512,128,2500000,9,11.751104,3d
0.5,0.4953,512,512,128,2500000,10,11.721014,3d
0.5,0.4953,512,512,128,2500000,11,11.776526,3d
0.5,0.4953,512,512,128,2500000,12,11.763260,3d
0.5,0.4953,512,512,128,2500000,13,11.746310,3d
0.5,0.4953,512,512,128,2500000,14,11.735063,3d
0.5,0.4953,512,512,128,2500000,15,11.714588,3d
2,0.9905,512,256,128,100000,2,4.952920,3d
2,0.9905,512,256,128,100000,3,4.863605,3d
2,0.9905,512,256,128,100000,4,4.900539,3d
2,0.9905,512,256,128,100000,5,4.772178,3d
2,0.9905,512,256,128,170000,1,5.010740,3d
2,0.9905,512,256,128,170000,2,4.960667,3d
2,0.9905,512,256,128,170000,3,4.895032,3d
2,0.9905,512,256,128,170000,4,5.000434,3d
2,0.9905,512,256,128,170000,5,4.889541,3d
1,0.7004,512,256,128,100000,2,7.501959,3d
1,0.7004,512,256,128,100000,3,7.256194,3d
1,0.7004,512,256,128,100000,4,7.363320,3d
1,0.7004,512,256,128,100000,5,7.301385,3d
1,0.7004,512,256,128,170000,1,7.669305,3d
1,0.7004,512,256,128,170000,2,7.582798,3d
1,0.7004,512,256,128,170000,3,7.326516,3d
1,0.7004,512,256,128,170000,4,7.567195,3d
1,0.7004,512,256,128,170000,5,7.451651,3d
1,0.7004,512,256,128,300000,1,7.625945,3d
1,0.7004,512,256,128,300000,2,7.616364,3d
1,0.7004,512,256,128,300000,3,7.677751,3d
1,0.7004,512,256,128,300000,4,7.739213,3d
1,0.7004,512,256,128,300000,5,7.505952,3d
0.5,0.4953,512,512,128,100000,2,11.432983,3d
0.5,0.4953,512,512,128,100000,3,11.353680,3d
0.5,0.4953,512,512,128,100000,4,11.327601,3d
0.5,0.4953,512,512,128,100000,5,11.406775,3d
0.5,0.4953,512,512,128,170000,1,11.680857,3d
0.5,0.4953,512,512,128,170000,2,11.457517,3d
0.5,0.4953,512,512,128,170000,3,11.585892,3d
0.5,0.4953,512,512,128,170000,4,11.586677,3d
0.5,0.4953,512,512,128,170000,5,11.398926,3d
0.5,0.4953,512,512,128,300000,1,11.632113,3d
0.5,0.4953,512,512,128,300000,2,11.582915,3d
0.5,0.4953,512,512,128,300000,3,11.707477,3d
0.5,0.4953,512,512,128,300000,4,11.630358,3d
0.5,0.4953,512,512,128,300000,5,11.583323,3d
2,0.9905,512,256,128,10000000,4,5.262164,3d
2,0.9905,512,256,128,10000000,5,5.264855,3d
2,0.9905,512,256,128,100000000,4,5.272089,3d
2,0.9905,512,256,128,100000000,5,5.270898,3d
1,0.7004,512,256,128,10000000,4,7.862553,3d
1,0.7004,512,256,128,10000000,5,7.857513,3d
1,0.7004,512,256,128,100000000,4,7.868257,3d
1,0.7004,512,256,128,100000000,5,7.867622,3d
0.5,0.4953,512,512,128,10000000,2,11.781149,3d
0.5,0.4953,512,512,128,10000000,3,11.763562,3d
0.5,0.4953,512,512,128,100000000,2,11.780428,3d
0.5,0.4953,512,512,128,100000000,3,11.777272,3d
20,3.1323,512,256,128,10000,1,1.316836,2d
20,3.1323,512,256,128,10000,2,1.280385,2d
20,3.1323,512,256,128,10000,3,1.347438,2d
20,3.1323,512,256,128,10000,4,1.318589,2d
20,3.1323,512,256,128,10000,5,1.347487,2d
20,3.1323,512,256,128,10000,6,1.361627,2d
20,3.1323,512,256,128,10000,7,1.340573,2d
20,3.1323,512,256,128,10000,8,1.313283,2d
20,3.1323,512,256,128,10000,9,1.354098,2d
20,3.1323,512,256,128,10000,10,1.336222,2d
20,3.1323,512,256,128,10000,11,1.326819,2d
20,3.1323,512,256,128,10000,12,1.337346,2d
20,3.1323,512,256,128,10000,13,1.335195,2d
20,3.1323,512,256,128,10000,14,1.379370,2d
20,3.1323,512,256,128,10000,15,1.341274,2d
16,2.8016,512,256,128,14000,1,1.536144,2d
16,2.8016,512,256,128,14000,2,1.502976,2d
16,2.8016,512,256,128,14000,3,1.528898,2d
16,2.8016,512,256,128,14000,4,1.542197,2d
16,2.8016,512,256,128,14000,5,1.520328,2d
16,2.8016,512,256,128,14000,6,1.527629,2d
16,2.8016,512,256,128,14000,7,1.527671,2d
16,2.8016,512,256,128,14000,8,1.517419,2d
16,2.8016,512,256,128,14000,9,1.518170,2d
16,2.8016,512,256,128,14000,10,1.481190,2d
16,2.8016,512,256,128,14000,11,1.491869,2d
16,2.8016,512,256,128,14000,12,1.531359,2d
16,2.8016,512,256,128,14000,13,1.529966,2d
16,2.8016,512,256,128,14000,14,1.530428,2d
16,2.8016,512,256,128,14000,15,1.554765,2d
12,2.4263,512,256,128,22000,1,1.781347,2d
12,2.4263,512,256,128,22000,2,1.751850,2d
12,2.4263,512,256,128,22000,3,1.816770,2d
12,2.4263,512,256,128,22000,4,1.822463,2d
12,2.4263,512,256,128,22000,5,1.797830,2d
12,2.4263,512,256,128,22000,6,1.782298,2d
12,2.4263,512,256,128,22000,7,1.803878,2d
12,2.4263,512,256,128,22000,8,1.838514,2d
12,2.4263,512,256,128,22000,9,1.789987,2d
12,2.4263,512,256,128,22000,10,1.732978,2d
12,2.4263,512,256,128,22000,11,1.807472,2d
12,2.4263,512,256,128,22000,12,1.779696,2d
12,2.4263,512,256,128,22000,13,1.781092,2d
12,2.4263,512,256,128,22000,14,1.789574,2d
12,2.4263,512,256,128,22000,15,1.793975,2d
8,1.9810,512,256,128,40000,1,2.313712,2d
8,1.9810,512,256,128,40000,2,2.261056,2d
8,1.9810,512,256,128,40000,3,2.313368,2d
8,1.9810,512,256,128,40000,4,2.273658,2d
8,1.9810,512,256,128,40000,5,2.242019,2d
8,1.9810,512,256,128,40000,6,2.234962,2d
8,1.9810,512,256,128,40000,7,2.249089,2d
8,1.9810,512,256,128,40000,8,2.305154,2d
8,1.9810,512,256,128,40000,9,2.205029,2d
8,1.9810,512,256,128,40000,10,2.102817,2d
8,1.9810,512,256,128,40000,11,2.250413,2d
8,1.9810,512,256,128,40000,12,2.151775,2d
8,1.9810,512,256,128,40000,13,2.328797,2d
8,1.9810,512,256,128,40000,14,2.275477,2d
8,1.9810,512,256,128,40000,15,2.303853,2d
4,1.4008,512,256,128,110000,1,3.396624,2d
4,1.4008,512,256,128,110000,2,3.394665,2d
4,1.4008,512,256,128,110000,3,3.349151,2d
4,1.4008,512,256,128,110000,4,3.396699,2d
4,1.4008,512,256,128,110000,5,3.304703,2d
4,1.4008,512,256,128,110000,6,3.314162,2d
4,1.4008,512,256,128,110000,7,3.412393,2d
4,1.4008,512,256,128,110000,8,3.387020,2d
4,1.4008,512,256,128,110000,9,3.267401,2d
4,1.4008,512,256,128,110000,10,3.215336,2d
4,1.4008,512,256,128,110000,11,3.390966,2d
4,1.4008,512,256,128,110000,12,3.380449,2d
4,1.4008,512,256,128,110000,13,3.346991,2d
4,1.4008,512,256,128,110000,14,3.350201,2d
4,1.4008,512,256,128,110000,15,3.462075,2d
2,0.9905,512,256,128,310000,1,5.080116,2d
2,0.9905,512,256,128,310000,2,5.065404,2d
2,0.9905,512,256,128,310000,3,5.096270,2d
2,0.9905,512,256,128,310000,4,5.152862,2d
2,0.9905,512,256,128,310000,5,4.979447,2d
2,0.9905,512,256,128,310000,6,4.955010,2d
2,0.9905,512,256,128,310000,7,5.191147,2d
2,0.9905,512,256,128,310000,8,5.177654,2d
2,0.9905,512,256,128,310000,9,4.927528,2d
2,0.9905,512,256,128,310000,10,4.991946,2d
2,0.9905,512,256,128,310000,11,5.158264,2d
2,0.9905,512,256,128,310000,12,5.107482,2d
2,0.9905,512,256,128,310000,13,5.039328,2d
2,0.9905,512,256,128,310000,14,5.143615,2d
2,0.9905,512,256,128,310000,15,5.023187,2d
1,0.7004,512,512,128,880000,1,7.925114,2d
1,0.7004,512,512,128,880000,2,7.887046,2d
1,0.7004,512,512,128,880000,3,7.848062,2d
1,0.7004,512,512,128,880000,4,7.784007,2d
1,0.7004,512,512,128,880000,5,7.882926,2d
1,0.7004,512,512,128,880000,6,7.882254,2d
1,0.7004,512,512,128,880000,7,7.895535,2d
1,0.7004,512,512,128,880000,8,7.855119,2d
1,0.7004,512,512,128,880000,9,7.843245,2d
1,0.7004,512,512,128,880000,10,7.866796,2d
1,0.7004,512,512,128,880000,11,7.849120,2d
1,0.7004,512,512,128,880000,12,7.900665,2d
1,0.7004,512,512,128,880000,13,7.859416,2d
1,0.7004,512,512,128,880000,14,7.805208,2d
1,0.7004,512,512,128,880000,15,7.803224,2d
0.5,0.4953,512,512,128,2500000,1,11.746805,2d
0.5,0.4953,512,512,128,2500000,2,11.761826,2d
0.5,0.4953,512,512,128,2500000,3,11.745757,2d
0.5,0.4953,512,512,128,2500000,4,11.743672,2d
0.5,0.4953,512,512,128,2500000,5,11.722514,2d
0.5,0.4953,512,512,128,2500000,6,11.752595,2d
0.5,0.4953,512,512,128,2500000,7,11.756113,2d
0.5,0.4953,512,512,128,2500000,8,11.737621,2d
0.5,0.4953,512,512,128,2500000,9,11.751312,2d
0.5,0.4953,512,512,128,2500000,10,11.721769,2d
0.5,0.4953,512,512,128,2500000,11,11.776943,2d
0.5,0.4953,512,512,128,2500000,12,11.763252,2d
0.5,0.4953,512,512,128,2500000,13,11.745335,2d
0.5,0.4953,512,512,128,2500000,14,11.735354,2d
0.5,0.4953,512,512,128,2500000,15,11.715011,2d
8,1.9810,32,32,32,1000,1,1.546948,3d
8,1.9810,32,32,32,1000,2,1.518612,3d
8,1.9810,32,32,32,1000,3,1.514043,3d
8,1.9810,32,32,32,1000,4,1.503936,3d
8,1.9810,32,32,32,1000,5,1.497740,3d
8,1.9810,32,32,32,1000,6,1.566550,3d
8,1.9810,32,32,32,1000,7,1.549471,3d
8,1.9810,32,32,32,1000,8,1.527987,3d
8,1.9810,32,32,32,1000,9,1.493903,3d
8,1.9810,32,32,32,1000,10,1.504802,3d
8,1.9810,32,32,32,1000,11,1.472196,3d
8,1.9810,32,32,32,1000,12,1.532317,3d
8,1.9810,32,32,32,1000,13,1.515805,3d
8,1.9810,32,32,32,1000,14,1.485782,3d
8,1.9810,32,32,32,1000,15,1.484468,3d
8,1.9810,32,32,32,10000,1,1.521827,3d
8,1.9810,32,32,32,10000,2,1.502281,3d
8,1.9810,32,32,32,10000,3,1.500146,3d
8,1.9810,32,32,32,10000,4,1.513433,3d
8,1.9810,32,32,32,10000,5,1.517291,3d
8,1.9810,32,32,32,10000,6,1.519421,3d
8,1.9810,32,32,32,10000,7,1.518187,3d
8,1.9810,32,32,32,10000,8,1.507337,3d
8,1.9810,32,32,32,10000,9,1.506115,3d
8,1.9810,32,32,32,10000,10,1.492431,3d
8,1.9810,32,32,32,10000,11,1.513957,3d
8,1.9810,32,32,32,10000,12,1.507684,3d
8,1.9810,32,32,32,10000,13,1.511912,3d
8,1.9810,32,32,32,10000,14,1.529555,3d
8,1.9810,32,32,32,10000,15,1.518200,3d
8,1.9810,32,32,32,100000,1,1.508462,3d
8,1.9810,32,32,32,100000,2,1.502942,3d
8,1.9810,32,32,32,100000,3,1.506546,3d
8,1.9810,32,32,32,100000,4,1.502615,3d
8,1.9810,32,32,32,100000,5,1.509252,3d
8,1.9810,32,32,32,100000,6,1.506391,3d
8,1.9810,32,32,32,100000,7,1.505825,3d
8,1.9810,32,32,32,100000,8,1.505446,3d
8,1.9810,32,32,32,100000,9,1.513129,3d
8,1.9810,32,32,32,100000,10,1.508343,3d
8,1.9810,32,32,32,100000,11,1.505294,3d
8,1.9810,32,32,32,100000,12,1.502031,3d
8,1.9810,32,32,32,100000,13,1.509216,3d
8,1.9810,32,32,32,100000,14,1.502997,3d
8,1.9810,32,32,32,100000,15,1.510006,3d
8,1.9810,32,32,32,1000000,1,1.508125,3d
8,1.9810,32,32,32,1000000,2,1.507031,3d
8,1.9810,32,32,32,1000000,3,1.506523,3d
8,1.9810,32,32,32,1000000,4,1.507541,3d
8,1.9810,32,32,32,1000000,5,1.508516,3d
8,1.9810,32,32,32,1000000,6,1.506317,3d
8,1.9810,32,32,32,1000000,7,1.506225,3d
8,1.9810,32,32,32,1000000,8,1.504176,3d
8,1.9810,32,32,32,1000000,9,1.508429,3d
8,1.9810,32,32,32,1000000,10,1.506665,3d
8,1.9810,32,32,32,1000000,11,1.505388,3d
8,1.9810,32,32,32,1000000,12,1.508046,3d
8,1.9810,32,32,32,1000000,13,1.508511,3d
8,1.9810,32,32,32,1000000,14,1.505827,3d
8,1.9810,32,32,32,1000000,15,1.507580,3d
8,1.9810,32,32,32,10000000,1,1.507774,3d
8,1.9810,32,32,32,10000000,2,1.507155,3d
8,1.9810,32,32,32,10000000,3,1.507389,3d
8,1.9810,32,32,32,10000000,4,1.507662,3d
8,1.9810,32,32,32,10000000,5,1.507578,3d
8,1.9810,32,32,32,10000000,6,1.507500,3d
8,1.9810,32,32,32,10000000,7,1.506790,3d
8,1.9810,32,32,32,10000000,8,1.506978,3d
8,1.9810,32,32,32,10000000,9,1.507115,3d
8,1.9810,32,32,32,10000000,10,1.507214,3d
8,1.9810,32,32,32,10000000,11,1.507018,3d
8,1.9810,32,32,32,10000000,12,1.506889,3d
8,1.9810,32,32,32,10000000,13,1.507438,3d
8,1.9810,32,32,32,10000000,14,1.507363,3d
8,1.9810,32,32,32,10000000,15,1.507421,3d
40,4.4297,512,256,128,3200,1,0.909946,3d
40,4.4297,512,256,128,3200,2,0.881403,3d
40,4.4297,512,256,128,3200,3,0.880986,3d
40,4.4297,512,256,128,3200,4,0.909195,3d
40,4.4297,512,256,128,3200,5,0.862041,3d
40,4.4297,512,256,128,3200,6,0.882405,3d
40,4.4297,512,256,128,3200,7,0.948587,3d
40,4.4297,512,256,128,3200,8,0.877481,3d
40,4.4297,512,256,128,3200,9,0.835001,3d
40,4.4297,512,256,128,3200,10,0.924468,3d
40,4.4297,512,256,128,3200,11,0.874309,3d
40,4.4297,512,256,128,3200,12,0.911532,3d
40,4.4297,512,256,128,3200,13,0.875895,3d
40,4.4297,512,256,128,3200,14,0.892086,3d
40,4.4297,512,256,128,3200,15,0.891836,3d
60,5.4253,512,128,128,1600,1,0.725864,3d
60,5.4253,512,128,128,1600,2,0.720140,3d
60,5.4253,512,128,128,1600,3,0.676255,3d
60,5.4253,512,128,128,1600,4,0.657857,3d
60,5.4253,512,128,128,1600,5,0.677073,3d
60,5.4253,512,128,128,1600,6,0.724228,3d
60,5.4253,512,128,128,1600,7,0.739765,3d
60,5.4253,512,128,128,1600,8,0.712780,3d
60,5.4253,512,128,128,1600,9,0.701196,3d
60,5.4253,512,128,128,1600,10,0.688112,3d
60,5.4253,512,128,128,1600,11,0.644501,3d
60,5.4253,512,128,128,1600,12,0.737039,3d
60,5.4253,512,128,128,1600,13,0.704739,3d
60,5.4253,512,128,128,1600,14,0.701332,3d
60,5.4253,512,128,128,1600,15,0.672303,3d
80,6.2646,512,128,128,990,1,0.638153,3d
80,6.2646,512,128,128,990,2,0.581120,3d
80,6.2646,512,128,128,990,3,0.610099,3d
80,6.2646,512,128,128,990,4,0.558306,3d
80,6.2646,512,128,128,990,5,0.603933,3d
80,6.2646,512,128,128,990,6,0.619039,3d
80,6.2646,512,128,128,990,7,0.643085,3d
80,6.2646,512,128,128,990,8,0.564164,3d
80,6.2646,512,128,128,990,9,0.592834,3d
80,6.2646,512,128,128,990,10,0.613181,3d
80,6.2646,512,128,128,990,11,0.559231,3d
80,6.2646,512,128,128,990,12,0.583586,3d
80,6.2646,512,128,128,990,13,0.628904,3d
80,6.2646,512,128,128,990,14,0.544125,3d
80,6.2646,512,128,128,990,15,0.611332,3d
100,7.0040,512,128,128,680,1,0.509061,3d
100,7.0040,512,128,128,680,2,0.568676,3d
100,7.0040,512,128,128,680,3,0.572182,3d
100,7.0040,512,128,128,680,4,0.486267,3d
100,7.0040,512,128,128,680,5,0.541206,3d
100,7.0040,512,128,128,680,6,0.503801,3d
100,7.0040,512,128,128,680,7,0.524257,3d
100,7.0040,512,128,128,680,8,0.537115,3d
100,7.0040,512,128,128,680,9,0.526595,3d
100,7.0040,512,128,128,680,10,0.489190,3d
100,7.0040,512,128,128,680,11,0.520750,3d
100,7.0040,512,128,128,680,12,0.549973,3d
100,7.0040,512,128,128,680,13,0.514906,3d
100,7.0040,512,128,128,680,14,0.460551,3d
100,7.0040,512,128,128,680,15,0.546466,3d
40,4.4297,512,256,128,10000,1,0.894584,3d
40,4.4297,512,256,128,10000,2,0.891729,3d
40,4.4297,512,256,128,10000,3,0.910855,3d
40,4.4297,512,256,128,10000,4,0.903822,3d
40,4.4297,512,256,128,10000,5,0.908445,3d
40,4.4297,512,256,128,10000,6,0.916727,3d
40,4.4297,512,256,128,10000,7,0.916376,3d
40,4.4297,512,256,128,10000,8,0.896267,3d
40,4.4297,512,256,128,10000,9,0.921957,3d
40,4.4297,512,256,128,10000,10,0.893361,3d
40,4.4297,512,256,128,10000,11,0.912359,3d
40,4.4297,512,256,128,10000,12,0.903232,3d
40,4.4297,512,256,128,10000,13,0.915880,3d
40,4.4297,512,256,128,10000,14,0.927042,3d
40,4.4297,512,256,128,10000,15,0.908180,3d
60,5.4253,512,256,128,10000,1,0.714724,3d
60,5.4253,512,256,128,10000,2,0.711165,3d
60,5.4253,512,256,128,10000,3,0.719511,3d
60,5.4253,512,256,128,10000,4,0.716238,3d
60,5.4253,512,256,128,10000,5,0.720537,3d
60,5.4253,512,256,128,10000,6,0.721751,3d
60,5.4253,512,256,128,10000,7,0.724249,3d
60,5.4253,512,256,128,10000,8,0.715589,3d
60,5.4253,512,256,128,10000,9,0.723118,3d
60,5.4253,512,256,128,10000,10,0.704104,3d
60,5.4253,512,256,128,10000,11,0.727005,3d
60,5.4253,512,256,128,10000,12,0.717222,3d
60,5.4253,512,256,128,10000,13,0.722930,3d
60,5.4253,512,256,128,10000,14,0.734060,3d
60,5.4253,512,256,128,10000,15,0.717173,3d
80,6.2646,512,256,128,10000,1,0.608750,3d
80,6.2646,512,256,128,10000,2,0.600925,3d
80,6.2646,512,256,128,10000,3,0.607463,3d
80,6.2646,512,256,128,10000,4,0.605687,3d
80,6.2646,512,256,128,10000,5,0.606424,3d
80,6.2646,512,256,128,10000,6,0.611893,3d
80,6.2646,512,256,128,10000,7,0.613240,3d
80,6.2646,512,256,128,10000,8,0.606122,3d
80,6.2646,512,256,128,10000,9,0.608926,3d
80,6.2646,512,256,128,10000,10,0.593842,3d
80,6.2646,512,256,128,10000,11,0.613700,3d
80,6.2646,512,256,128,10000,12,0.609705,3d
80,6.2646,512,256,128,10000,13,0.609711,3d
80,6.2646,512,256,128,10000,14,0.619930,3d
80,6.2646,512,256,128,10000,15,0.602333,3d
100,7.0040,512,256,128,10000,1,0.532316,3d
100,7.0040,512,256,128,10000,2,0.526819,3d
100,7.0040,512,256,128,10000,3,0.534646,3d
100,7.0040,512,256,128,10000,4,0.530592,3d
100,7.0040,512,256,128,10000,5,0.535408,3d
100,7.0040,512,256,128,10000,6,0.531700,3d
100,7.0040,512,256,128,10000,7,0.541564,3d
100,7.0040,512,256,128,10000,8,0.533705,3d
100,7.0040,512,256,128,10000,9,0.531749,3d
100,7.0040,512,256,128,10000,10,0.521290,3d
100,7.0040,512,256,128,10000,11,0.537764,3d
100,7.0040,512,256,128,10000,12,0.536635,3d
100,7.0040,512,256,128,10000,13,0.533673,3d
100,7.0040,512,256,128,10000,14,0.542883,3d
100,7.0040,512,256,128,10000,15,0.528500,3d
8,1.9810,512,256,128,40000,1,2.314454,3d
20,3.1323,512,256,128,10000,1,1.313839,3d
20,3.1323,512,256,128,10000,2,1.278125,3d
20,3.1323,512,256,128,10000,3,1.347632,3d
20,3.1323,512,256,128,10000,4,1.315217,3d
20,3.1323,512,256,128,10000,5,1.347656,3d
20,3.1323,512,256,128,10000,6,1.355753,3d
20,3.1323,512,256,128,10000,7,1.341770,3d
20,3.1323,512,256,128,10000,8,1.310588,3d
20,3.1323,512,256,128,10000,9,1.357228,3d
20,3.1323,512,256,128,10000,10,1.337310,3d
20,3.1323,512,256,128,10000,11,1.327448,3d
20,3.1323,512,256,128,10000,12,1.335787,3d
20,3.1323,512,256,128,10000,13,1.335775,3d
20,3.1323,512,256,128,10000,14,1.378910,3d
20,3.1323,512,256,128,10000,15,1.341250,3d
16,2.8016,512,256,128,14000,1,1.536116,3d
16,2.8016,512,256,128,14000,2,1.503727,3d
16,2.8016,512,256,128,14000,3,1.530497,3d
16,2.8016,512,256,128,14000,4,1.539329,3d
16,2.8016,512,256,128,14000,5,1.520039,3d
16,2.8016,512,256,128,14000,6,1.530139,3d
16,2.8016,512,256,128,14000,7,1.527671,3d
16,2.8016,512,256,128,14000,8,1.518736,3d
16,2.8016,512,256,128,14000,9,1.518929,3d
16,2.8016,512,256,128,14000,10,1.482527,3d
16,2.8016,512,256,128,14000,11,1.492048,3d
16,2.8016,512,256,128,14000,12,1.532104,3d
16,2.8016,512,256,128,14000,13,1.530676,3d
16,2.8016,512,256,128,14000,14,1.531910,3d
16,2.8016,512,256,128,14000,15,1.555689,3d
12,2.4263,512,256,128,22000,1,1.780773,3d
12,2.4263,512,256,128,22000,2,1.751382,3d
12,2.4263,512,256,128,22000,3,1.816164,3d
12,2.4263,512,256,128,22000,4,1.822656,3d
12,2.4263,512,256,128,22000,5,1.798056,3d
12,2.4263,512,256,128,22000,6,1.781457,3d
12,2.4263,512,256,128,22000,7,1.803988,3d
12,2.4263,512,256,128,22000,8,1.836615,3d
12,2.4263,512,256,128,22000,9,1.792637,3d
12,2.4263,512,256,128,22000,10,1.731250,3d
12,2.4263,512,256,128,22000,11,1.807724,3d
12,2.4263,512,256,128,22000,12,1.778123,3d
12,2.4263,512,256,128,22000,13,1.781727,3d
12,2.4263,512,256,128,22000,14,1.791599,3d
12,2.4263,512,256,128,22000,15,1.794145,3d
8,1.9810,512,256,128,40000,2,2.262373,3d
8,1.9810,512,256,128,40000,3,2.311522,3d
8,1.9810,512,256,128,40000,4,2.272489,3d
8,1.9810,512,256,128,40000,5,2.241917,3d
8,1.9810,512,256,128,40000,6,2.233709,3d
8,1.9810,512,256,128,40000,7,2.245800,3d
8,1.9810,512,256,128,40000,8,2.305113,3d
8,1.9810,512,256,128,40000,9,2.203561,3d
8,1.9810,512,256,128,40000,10,2.103575,3d
8,1.9810,512,256,128,40000,11,2.249441,3d
8,1.9810,512,256,128,40000,12,2.152029,3d
8,1.9810,512,256,128,40000,13,2.329513,3d
8,1.9810,512,256,128,40000,14,2.275710,3d
8,1.9810,512,256,128,40000,15,2.305095,3d
4,1.4008,512,256,128,110000,1,3.398130,3d
4,1.4008,512,256,128,110000,2,3.393692,3d
4,1.4008,512,256,128,110000,3,3.348822,3d
4,1.4008,512,256,128,110000,4,3.393966,3d
4,1.4008,512,256,128,110000,5,3.304689,3d
4,1.4008,512,256,128,110000,6,3.313817,3d
4,1.4008,512,256,128,110000,7,3.410690,3d
4,1.4008,512,256,128,110000,8,3.387340,3d
4,1.4008,512,256,128,110000,9,3.263044,3d
4,1.4008,512,256,128,110000,10,3.216321,3d
4,1.4008,512,256,128,110000,11,3.391959,3d
4,1.4008,512,256,128,110000,12,3.379246,3d
4,1.4008,512,256,128,110000,13,3.349167,3d
4,1.4008,512,256,128,110000,14,3.350442,3d
4,1.4008,512,256,128,110000,15,3.460409,3d
2,0.9905,512,256,128,310000,1,5.082897,3d
2,0.9905,512,256,128,310000,2,5.067278,3d
2,0.9905,512,256,128,310000,3,5.096488,3d
2,0.9905,512,256,128,310000,4,5.153018,3d
2,0.9905,512,256,128,310000,5,4.981251,3d
2,0.9905,512,256,128,310000,6,4.957305,3d
2,0.9905,512,256,128,310000,7,5.189664,3d
2,0.9905,512,256,128,310000,8,5.179133,3d
2,0.9905,512,256,128,310000,9,4.927695,3d
2,0.9905,512,256,128,310000,10,4.992036,3d
2,0.9905,512,256,128,310000,11,5.158321,3d
2,0.9905,512,256,128,310000,12,5.108868,3d
2,0.9905,512,256,128,310000,13,5.038823,3d
2,0.9905,512,256,128,310000,14,5.145954,3d
2,0.9905,512,256,128,310000,15,5.025130,3d
1,0.7004,512,512,128,880000,1,7.924448,3d
1,0.7004,512,512,128,880000,2,7.886696,3d
1,0.7004,512,512,128,880000,3,7.846279,3d
1,0.7004,512,512,128,880000,4,7.785498,3d
1,0.7004,512,512,128,880000,5,7.883133,3d
1,0.7004,512,512,128,880000,6,7.882940,3d
1,0.7004,512,512,128,880000,7,7.894085,3d
1,0.7004,512,512,128,880000,8,7.853596,3d
1,0.7004,512,512,128,880000,9,7.843310,3d
1,0.7004,512,512,128,880000,10,7.866703,3d
1,0.7004,512,512,128,880000,11,7.849589,3d
1,0.7004,512,512,128,880000,12,7.900619,3d
1,0.7004,512,512,128,880000,13,7.859571,3d
1,0.7004,512,512,128,880000,14,7.804175,3d
1,0.7004,512,512,128,880000,15,7.803168,3d
0.5,0.4953,512,512,128,2500000,1,11.746589,3d
0.5,0.4953,512,512,128,2500000,2,11.761332,3d
0.5,0.4953,512,512,128,2500000,3,11.745002,3d
0.5,0.4953,512,512,128,2500000,4,11.743928,3d
0.5,0.4953,512,512,128,2500000,5,11.722907,3d
0.5,0.4953,512,512,128,2500000,6,11.752591,3d
0.5,0.4953,512,512,128,2500000,7,11.756059,3d
0.5,0.4953,512,512,128,2500000,8,11.736795,3d
0.5,0.4953,512,512,128,2500000,9,11.751032,3d
0.5,0.4953,512,512,128,2500000,10,11.721311,3d
0.5,0.4953,512,512,128,2500000,11,11.776730,3d
0.5,0.4953,512,512,128,2500000,12,11.763655,3d
0.5,0.4953,512,512,128,2500000,13,11.745853,3d
0.5,0.4953,512,512,128,2500000,14,11.735253,3d
0.5,0.4953,512,512,128,2500000,15,11.714994,3d
20,3.1323,512,256,128,10000,1,1.314226,3d
16,2.8016,512,256,128,14000,1,1.536406,3d
12,2.4263,512,256,128,22000,1,1.781508,3d
8,1.9810,512,256,128,40000,1,2.313882,3d
4,1.4008,512,256,128,110000,1,3.398945,3d
2,0.9905,512,256,128,310000,1,5.081626,3d
1,0.7004,512,512,128,880000,1,7.924569,3d
0.5,0.4953,512,512,128,2500000,1,11.746860,3d
20,3.1323,512,1024,128,10000,1,1.336089,3d
20,3.1323,512,1024,128,10000,2,1.275127,3d
20,3.1323,512,1024,128,10000,3,1.367030,3d
20,3.1323,512,1024,128,10000,4,1.328838,3d
20,3.1323,512,1024,128,10000,5,1.365869,3d
20,3.1323,512,1024,128,10000,6,1.371429,3d
20,3.1323,512,1024,128,10000,7,1.367030,3d
20,3.1323,512,1024,128,10000,8,1.325019,3d
20,3.1323,512,1024,128,10000,9,1.367223,3d
20,3.1323,512,1024,128,10000,10,1.350641,3d
16,2.8016,512,1024,128,14000,1,1.542121,3d
16,2.8016,512,1024,128,14000,2,1.517605,3d
16,2.8016,512,1024,128,14000,3,1.540963,3d
16,2.8016,512,1024,128,14000,4,1.566030,3d
16,2.8016,512,1024,128,14000,5,1.524086,3d
16,2.8016,512,1024,128,14000,6,1.538398,3d
16,2.8016,512,1024,128,14000,7,1.539666,3d
16,2.8016,512,1024,128,14000,8,1.535006,3d
16,2.8016,512,1024,128,14000,9,1.520059,3d
16,2.8016,512,1024,128,14000,10,1.495488,3d
12,2.4263,512,1024,128,22000,1,1.789848,3d
12,2.4263,512,1024,128,22000,2,1.766340,3d
12,2.4263,512,1024,128,22000,3,1.830339,3d
12,2.4263,512,1024,128,22000,4,1.828907,3d
12,2.4263,512,1024,128,22000,5,1.811770,3d
12,2.4263,512,1024,128,22000,6,1.784484,3d
12,2.4263,512,1024,128,22000,7,1.819765,3d
12,2.4263,512,1024,128,22000,8,1.842718,3d
12,2.4263,512,1024,128,22000,9,1.805438,3d
12,2.4263,512,1024,128,22000,10,1.749319,3d
8,1.9810,512,1024,128,40000,1,2.330972,3d
8,1.9810,512,1024,128,40000,2,2.283818,3d
8,1.9810,512,1024,128,40000,3,2.331191,3d
8,1.9810,512,1024,128,40000,4,2.294534,3d
8,1.9810,512,1024,128,40000,5,2.257638,3d
8,1.9810,512,1024,128,40000,6,2.250247,3d
8,1.9810,512,1024,128,40000,7,2.258531,3d
8,1.9810,512,1024,128,40000,8,2.324312,3d
8,1.9810,512,1024,128,40000,9,2.220780,3d
8,1.9810,512,1024,128,40000,10,2.115753,3d
4,1.4008,512,1024,128,110000,1,3.442314,3d
4,1.4008,512,1024,128,110000,2,3.431569,3d
4,1.4008,512,1024,128,110000,3,3.392569,3d
4,1.4008,512,1024,128,110000,4,3.436214,3d
4,1.4008,512,1024,128,110000,5,3.338764,3d
4,1.4008,512,1024,128,110000,6,3.353576,3d
4,1.4008,512,1024,128,110000,7,3.449780,3d
4,1.4008,512,1024,128,110000,8,3.431153,3d
4,1.4008,512,1024,128,110000,9,3.304517,3d
4,1.4008,512,1024,128,110000,10,3.253786,3d
2,0.9905,512,1024,128,310000,1,5.169181,3d
2,0.9905,512,1024,128,310000,2,5.153985,3d
2,0.9905,512,1024,128,310000,3,5.187877,3d
2,0.9905,512,1024,128,310000,4,5.237719,3d
2,0.9905,512,1024,128,310000,5,5.075861,3d
2,0.9905,512,1024,128,310000,6,5.062280,3d
2,0.9905,512,1024,128,310000,7,5.267799,3d
2,0.9905,512,1024,128,310000,8,5.257238,3d
2,0.9905,512,1024,128,310000,9,5.038240,3d
2,0.9905,512,1024,128,310000,10,5.080455,3d
1,0.7004,512,1024,128,880000,1,7.951255,3d
1,0.7004,512,1024,128,880000,2,7.911949,3d
1,0.7004,512,1024,128,880000,3,7.875605,3d
1,0.7004,512,1024,128,880000,4,7.814193,3d
1,0.7004,512,1024,128,880000,5,7.908193,3d
1,0.7004,512,1024,128,880000,6,7.905536,3d
1,0.7004,512,1024,128,880000,7,7.917068,3d
1,0.7004,512,1024,128,880000,8,7.880073,3d
1,0.7004,512,1024,128,880000,9,7.874270,3d
0.5,0.4953,512,1024,128,2500000,1,11.769810,3d
0.5,0.4953,512,1024,128,2500000,2,11.784622,3d
0.5,0.4953,512,1024,128,2500000,3,11.769521,3d
0.5,0.4953,512,1024,128,2500000,4,11.767178,3d
0.5,0.4953,512,1024,128,2500000,5,11.746499,3d
0.5,0.4953,512,1024,128,2500000,6,11.775779,3d
0.5,0.4953,512,1024,128,2500000,7,11.778616,3d
0.5,0.4953,512,1024,128,2500000,8,11.761608,3d
0.5,0.4953,512,1024,128,2500000,9,11.775394,3d
0.5,0.4953,512,1024,128,2500000,10,11.746567,3d
1,0.7004,512,1024,128,880000,10,7.892699,3d
40,4.4297,512,512,256,100000,1,0.918011,3d
40,4.4297,512,512,256,100000,2,0.916612,3d
40,4.4297,512,512,256,100000,3,0.917727,3d
40,4.4297,512,512,256,100000,4,0.915367,3d
40,4.4297,512,512,256,100000,5,0.922145,3d
40,4.4297,512,512,256,100000,6,0.918406,3d
40,4.4297,512,512,256,100000,7,0.915449,3d
40,4.4297,512,512,256,100000,8,0.921566,3d
40,4.4297,512,512,256,100000,9,0.920653,3d
40,4.4297,512,512,256,100000,10,0.917319,3d
40,4.4297,512,512,256,100000,11,0.916504,3d
40,4.4297,512,512,256,100000,12,0.916619,3d
40,4.4297,512,512,256,100000,13,0.928808,3d
40,4.4297,512,512,256,100000,14,0.915288,3d
40,4.4297,512,512,256,100000,15,0.924898,3d
60,5.4253,512,512,256,100000,1,0.724028,3d
60,5.4253,512,512,256,100000,2,0.722790,3d
60,5.4253,512,512,256,100000,3,0.724037,3d
60,5.4253,512,512,256,100000,4,0.721051,3d
60,5.4253,512,512,256,100000,5,0.726042,3d
60,5.4253,512,512,256,100000,6,0.723405,3d
60,5.4253,512,512,256,100000,7,0.721056,3d
60,5.4253,512,512,256,100000,8,0.725086,3d
60,5.4253,512,512,256,100000,9,0.726689,3d
60,5.4253,512,512,256,100000,10,0.724695,3d
60,5.4253,512,512,256,100000,11,0.722446,3d
60,5.4253,512,512,256,100000,12,0.723122,3d
60,5.4253,512,512,256,100000,13,0.731400,3d
60,5.4253,512,512,256,100000,14,0.720927,3d
60,5.4253,512,512,256,100000,15,0.727165,3d
80,6.2646,512,512,256,100000,1,0.612335,3d
80,6.2646,512,512,256,100000,2,0.609018,3d
80,6.2646,512,512,256,100000,3,0.610697,3d
80,6.2646,512,512,256,100000,4,0.607911,3d
80,6.2646,512,512,256,100000,5,0.611592,3d
80,6.2646,512,512,256,100000,6,0.609393,3d
80,6.2646,512,512,256,100000,7,0.608491,3d
80,6.2646,512,512,256,100000,8,0.611165,3d
80,6.2646,512,512,256,100000,9,0.612779,3d
80,6.2646,512,512,256,100000,10,0.612050,3d
80,6.2646,512,512,256,100000,11,0.609869,3d
80,6.2646,512,512,256,100000,12,0.610077,3d
80,6.2646,512,512,256,100000,13,0.616461,3d
80,6.2646,512,512,256,100000,14,0.608196,3d
80,6.2646,512,512,256,100000,15,0.612133,3d
100,7.0040,512,512,256,100000,1,0.536284,3d
100,7.0040,512,512,256,100000,2,0.533045,3d
100,7.0040,512,512,256,100000,3,0.535173,3d
100,7.0040,512,512,256,100000,4,0.531934,3d
100,7.0040,512,512,256,100000,5,0.535506,3d
100,7.0040,512,512,256,100000,6,0.534154,3d
100,7.0040,512,512,256,100000,7,0.532608,3d
100,7.0040,512,512,256,100000,8,0.535479,3d
100,7.0040,512,512,256,100000,9,0.536639,3d
100,7.0040,512,512,256,100000,10,0.535894,3d
100,7.0040,512,512,256,100000,11,0.534067,3d
100,7.0040,512,512,256,100000,12,0.534044,3d
100,7.0040,512,512,256,100000,13,0.538907,3d
100,7.0040,512,512,256,100000,14,0.532836,3d
100,7.0040,512,512,256,100000,15,0.536275,3d
20,3.1323,512,1024,128,10000,1,1.325164,3d
20,3.1323,512,1024,128,10000,2,1.281412,3d
20,3.1323,512,1024,128,10000,3,1.365628,3d
16,2.8016,512,1024,128,14000,1,1.540742,3d
16,2.8016,512,1024,128,14000,2,1.524251,3d
16,2.8016,512,1024,128,14000,3,1.550228,3d
12,2.4263,512,1024,128,22000,1,1.791524,3d
12,2.4263,512,1024,128,22000,2,1.766095,3d
12,2.4263,512,1024,128,22000,3,1.823672,3d
8,1.9810,512,1024,128,40000,1,2.337311,3d
8,1.9810,512,1024,128,40000,2,2.280918,3d
8,1.9810,512,1024,128,40000,3,2.331908,3d
4,1.4008,512,1024,128,110000,1,3.440960,3d
4,1.4008,512,1024,128,110000,2,3.432271,3d
4,1.4008,512,1024,128,110000,3,3.391216,3d
2,0.9905,512,1024,128,310000,1,5.171204,3d
2,0.9905,512,1024,128,310000,2,5.154193,3d
2,0.9905,512,1024,128,310000,3,5.186148,3d
1,0.7004,512,1024,128,880000,1,7.950174,3d
1,0.7004,512,1024,128,880000,2,7.912993,3d
1,0.7004,512,1024,128,880000,3,7.874250,3d
0.5,0.4953,512,1024,128,2500000,1,11.770033,3d
0.5,0.4953,512,1024,128,2500000,2,11.784708,3d
0.5,0.4953,512,1024,128,2500000,3,11.769116,3d
20,3.1323,512,256,128,10000,1,1.299070,3d_cic
20,3.1323,512,256,128,10000,2,1.267719,3d_cic
20,3.1323,512,256,128,10000,3,1.337008,3d_cic
16,2.8016,512,256,128,14000,1,1.517005,3d_cic
16,2.8016,512,256,128,14000,2,1.487539,3d_cic
16,2.8016,512,256,128,14000,3,1.515875,3d_cic
12,2.4263,512,256,128,22000,1,1.748803,3d_cic
12,2.4263,512,256,128,22000,2,1.730927,3d_cic
12,2.4263,512,256,128,22000,3,1.794494,3d_cic
8,1.9810,512,256,128,40000,1,2.274256,3d_cic
8,1.9810,512,256,128,40000,2,2.229618,3d_cic
8,1.9810,512,256,128,40000,3,2.286053,3d_cic
4,1.4008,512,256,128,110000,1,3.292298,3d_cic
4,1.4008,512,256,128,110000,2,3.271315,3d_cic
4,1.4008,512,256,128,110000,3,3.217426,3d_cic
2,0.9905,512,256,128,310000,1,4.734800,3d_cic
2,0.9905,512,256,128,310000,2,4.752993,3d_cic
2,0.9905,512,256,128,310000,3,4.801296,3d_cic
1,0.7004,512,512,128,880000,1,7.654216,3d_cic
1,0.7004,512,512,128,880000,2,7.481748,3d_cic
1,0.7004,512,512,128,880000,3,7.292309,3d_cic
0.5,0.4953,512,512,128,2500000,1,11.581884,3d_cic
0.5,0.4953,512,512,128,2500000,2,11.530525,3d_cic
0.5,0.4953,512,512,128,2500000,3,11.473428,3d_cic
20,3.1323,512,256,128,10000,1,1.299106,2d_cic
20,3.1323,512,256,128,10000,2,1.267199,2d_cic
20,3.1323,512,256,128,10000,3,1.338096,2d_cic
16,2.8016,512,256,128,14000,1,1.515282,2d_cic
16,2.8016,512,256,128,14000,2,1.488160,2d_cic
16,2.8016,512,256,128,14000,3,1.518039,2d_cic
12,2.4263,512,256,128,22000,1,1.749219,2d_cic
12,2.4263,512,256,128,22000,2,1.734657,2d_cic
12,2.4263,512,256,128,22000,3,1.794829,2d_cic
8,1.9810,512,256,128,40000,1,2.273840,2d_cic
8,1.9810,512,256,128,40000,2,2.228751,2d_cic
8,1.9810,512,256,128,40000,3,2.285646,2d_cic
4,1.4008,512,256,128,110000,1,3.292207,2d_cic
4,1.4008,512,256,128,110000,2,3.271561,2d_cic
4,1.4008,512,256,128,110000,3,3.215906,2d_cic
2,0.9905,512,256,128,310000,1,4.736625,2d_cic
2,0.9905,512,256,128,310000,2,4.752803,2d_cic
2,0.9905,512,256,128,310000,3,4.803036,2d_cic
1,0.7004,512,512,128,880000,1,7.656075,2d_cic
1,0.7004,512,512,128,880000,2,7.479841,2d_cic
1,0.7004,512,512,128,880000,3,7.291557,2d_cic
0.5,0.4953,512,512,128,2500000,1,11.581046,2d_cic
0.5,0.4953,512,512,128,2500000,2,11.534363,2d_cic
0.5,0.4953,512,512,128,2500000,3,11.473767,2d_cic
0.5,0.4953,512,512,128,4334528,1,11.778326,3d
0.5,0.4953,512,512,128,4334528,2,11.757006,3d
0.5,0.4953,512,512,128,4334528,3,11.770461,3d
0.5,0.4953,512,512,128,4334528,4,11.769344,3d
0.5,0.4953,512,512,128,4334528,5,11.765003,3d
0.5,0.4953,512,512,128,4334528,6,11.771088,3d
0.5,0.4953,512,512,128,4334528,7,11.736421,3d
0.5,0.4953,512,512,128,4334528,8,11.771987,3d
0.5,0.4953,512,512,128,4334528,9,11.762918,3d
0.5,0.4953,512,512,128,4334528,10,11.743108,3d
0.5,0.4953,512,512,128,4334528,11,11.763877,3d
0.5,0.4953,512,512,128,4334528,12,11.749834,3d
0.5,0.4953,512,512,128,4334528,13,11.756549,3d
0.5,0.4953,512,512,128,4334528,14,11.775804,3d
0.5,0.4953,512,512,128,4334528,15,11.761421,3d
1,0.7004,512,512,128,1391638,1,7.913659,3d
1,0.7004,512,512,128,1391638,2,7.876670,3d
1,0.7004,512,512,128,1391638,3,7.874977,3d
1,0.7004,512,512,128,1391638,4,7.877329,3d
1,0.7004,512,512,128,1391638,5,7.919944,3d
1,0.7004,512,512,128,1391638,6,7.914536,3d
1,0.7004,512,512,128,1391638,7,7.892651,3d
1,0.7004,512,512,128,1391638,8,7.858635,3d
1,0.7004,512,512,128,1391638,9,7.888900,3d
1,0.7004,512,512,128,1391638,10,7.911872,3d
1,0.7004,512,512,128,1391638,11,7.908502,3d
1,0.7004,512,512,128,1391638,12,7.904577,3d
1,0.7004,512,512,128,1391638,13,7.862767,3d
1,0.7004,512,512,128,1391638,14,7.888390,3d
1,0.7004,512,512,128,1391638,15,7.847597,3d
2,0.9905,512,256,128,446211,1,5.185489,3d
2,0.9905,512,256,128,446211,2,5.125459,3d
2,0.9905,512,256,128,446211,3,5.151832,3d
2,0.9905,512,256,128,446211,4,5.139847,3d
2,0.9905,512,256,128,446211,5,5.164395,3d
2,0.9905,512,256,128,446211,6,5.072164,3d
2,0.9905,512,256,128,446211,7,5.115611,3d
2,0.9905,512,256,128,446211,8,5.123452,3d
2,0.9905,512,256,128,446211,9,5.103452,3d
2,0.9905,512,256,128,446211,10,5.112317,3d
2,0.9905,512,256,128,446211,11,5.127300,3d
2,0.9905,512,256,128,446211,12,5.196967,3d
2,0.9905,512,256,128,446211,13,5.036831,3d
2,0.9905,512,256,128,446211,14,5.192798,3d
2,0.9905,512,256,128,446211,15,5.090374,3d
4,1.4008,512,256,128,142808,1,3.294703,3d
4,1.4008,512,256,128,142808,2,3.367926,3d
4,1.4008,512,256,128,142808,3,3.350244,3d
4,1.4008,512,256,128,142808,4,3.408589,3d
4,1.4008,512,256,128,142808,5,3.324453,3d
4,1.4008,512,256,128,142808,6,3.298191,3d
4,1.4008,512,256,128,142808,7,3.439405,3d
4,1.4008,512,256,128,142808,8,3.347907,3d
4,1.4008,512,256,128,142808,9,3.325075,3d
4,1.4008,512,256,128,142808,10,3.313593,3d
4,1.4008,512,256,128,142808,11,3.461162,3d
4,1.4008,512,256,128,142808,12,3.357015,3d
4,1.4008,512,256,128,142808,13,3.442918,3d
4,1.4008,512,256,128,142808,14,3.401293,3d
4,1.4008,512,256,128,142808,15,3.415092,3d
8,1.9810,512,256,128,45586,1,2.331396,3d
8,1.9810,512,256,128,45586,2,2.286072,3d
8,1.9810,512,256,128,45586,3,2.293003,3d
8,1.9810,512,256,128,45586,4,2.229813,3d
8,1.9810,512,256,128,45586,5,2.277106,3d
8,1.9810,512,256,128,45586,6,2.267800,3d
8,1.9810,512,256,128,45586,7,2.286161,3d
8,1.9810,512,256,128,45586,8,2.328159,3d
8,1.9810,512,256,128,45586,9,2.181882,3d
8,1.9810,512,256,128,45586,10,2.182034,3d
8,1.9810,512,256,128,45586,11,2.247969,3d
8,1.9810,512,256,128,45586,12,2.172024,3d
8,1.9810,512,256,128,45586,13,2.357112,3d
8,1.9810,512,256,128,45586,14,2.299675,3d
8,1.9810,512,256,128,45586,15,2.293185,3d
12,2.4263,512,256,128,23337,1,1.793200,3d
12,2.4263,512,256,128,23337,2,1.768619,3d
12,2.4263,512,256,128,23337,3,1.834306,3d
12,2.4263,512,256,128,23337,4,1.836438,3d
12,2.4263,512,256,128,23337,5,1.816515,3d
12,2.4263,512,256,128,23337,6,1.789054,3d
12,2.4263,512,256,128,23337,7,1.814217,3d
12,2.4263,512,256,128,23337,8,1.831330,3d
12,2.4263,512,256,128,23337,9,1.785843,3d
12,2.4263,512,256,128,23337,10,1.737150,3d
12,2.4263,512,256,128,23337,11,1.817372,3d
12,2.4263,512,256,128,23337,12,1.759445,3d
12,2.4263,512,256,128,23337,13,1.796489,3d
12,2.4263,512,256,128,23337,14,1.801428,3d
12,2.4263,512,256,128,23337,15,1.824033,3d
16,2.8016,512,256,128,14499,1,1.526015,3d
16,2.8016,512,256,128,14499,2,1.506571,3d
16,2.8016,512,256,128,14499,3,1.523328,3d
16,2.8016,512,256,128,14499,4,1.540330,3d
16,2.8016,512,256,128,14499,5,1.531292,3d
16,2.8016,512,256,128,14499,6,1.526214,3d
16,2.8016,512,256,128,14499,7,1.515955,3d
16,2.8016,512,256,128,14499,8,1.530637,3d
16,2.8016,512,256,128,14499,9,1.534030,3d
16,2.8016,512,256,128,14499,10,1.472150,3d
16,2.8016,512,256,128,14499,11,1.502798,3d
16,2.8016,512,256,128,14499,12,1.534995,3d
16,2.8016,512,256,128,14499,13,1.539539,3d
16,2.8016,512,256,128,14499,14,1.514303,3d
16,2.8016,512,256,128,14499,15,1.540175,3d
0.5,0.4953,512,2048,128,4334528,1,11.805311,3d
0.5,0.4953,512,2048,128,4334528,2,11.785332,3d
0.5,0.4953,512,2048,128,4334528,3,11.798855,3d
0.5,0.4953,512,2048,128,4334528,4,11.797988,3d
0.5,0.4953,512,2048,128,4334528,5,11.793928,3d
0.5,0.4953,512,2048,128,4334528,6,11.799769,3d
0.5,0.4953,512,2048,128,4334528,7,11.764260,3d
0.5,0.4953,512,2048,128,4334528,8,11.799532,3d
0.5,0.4953,512,2048,128,4334528,9,11.791940,3d
0.5,0.4953,512,2048,128,4334528,10,11.773594,3d
1,0.7004,512,2048,128,1391638,1,7.943153,3d
1,0.7004,512,2048,128,1391638,2,7.907848,3d
1,0.7004,512,2048,128,1391638,3,7.906214,3d
1,0.7004,512,2048,128,1391638,4,7.909456,3d
1,0.7004,512,2048,128,1391638,5,7.948767,3d
1,0.7004,512,2048,128,1391638,6,7.943457,3d
1,0.7004,512,2048,128,1391638,7,7.921882,3d
1,0.7004,512,2048,128,1391638,8,7.891577,3d
1,0.7004,512,2048,128,1391638,9,7.921253,3d
1,0.7004,512,2048,128,1391638,10,7.939793,3d
2,0.9905,512,1024,128,446211,1,5.270587,3d
2,0.9905,512,1024,128,446211,2,5.206251,3d
2,0.9905,512,1024,128,446211,3,5.239047,3d
2,0.9905,512,1024,128,446211,4,5.228433,3d
2,0.9905,512,1024,128,446211,5,5.246041,3d
2,0.9905,512,1024,128,446211,6,5.166281,3d
2,0.9905,512,1024,128,446211,7,5.209823,3d
2,0.9905,512,1024,128,446211,8,5.205579,3d
2,0.9905,512,1024,128,446211,9,5.195635,3d
2,0.9905,512,1024,128,446211,10,5.197274,3d
4,1.4008,512,1024,128,142808,1,3.336246,3d
4,1.4008,512,1024,128,142808,2,3.410255,3d
4,1.4008,512,1024,128,142808,3,3.391479,3d
4,1.4008,512,1024,128,142808,4,3.450511,3d
4,1.4008,512,1024,128,142808,5,3.365587,3d
4,1.4008,512,1024,128,142808,6,3.339723,3d
4,1.4008,512,1024,128,142808,7,3.477772,3d
4,1.4008,512,1024,128,142808,8,3.391181,3d
4,1.4008,512,1024,128,142808,9,3.369036,3d
4,1.4008,512,1024,128,142808,10,3.355409,3d
8,1.9810,512,1024,128,45586,1,2.349726,3d
8,1.9810,512,1024,128,45586,2,2.308319,3d
8,1.9810,512,1024,128,45586,3,2.314462,3d
8,1.9810,512,1024,128,45586,4,2.248112,3d
8,1.9810,512,1024,128,45586,5,2.288151,3d
8,1.9810,512,1024,128,45586,6,2.292634,3d
8,1.9810,512,1024,128,45586,7,2.302139,3d
8,1.9810,512,1024,128,45586,8,2.346956,3d
8,1.9810,512,1024,128,45586,9,2.201117,3d
8,1.9810,512,1024,128,45586,10,2.202780,3d
0.5,0.4953,512,512,128,4334528,1,11.778478,3d
1,0.7004,512,512,128,1391638,1,7.913971,3d
2,0.9905,512,256,128,446211,1,5.185727,3d
4,1.4008,512,256,128,142808,1,3.295776,3d
8,1.9810,512,256,128,45586,1,2.329926,3d
